Agra,Patna,Agartala,2566
Ahmedabad,Agartala,Agartala,0
Allahabad,Patna,Agartala,2083
Amritsar,Delhi,Agartala,3153
Asansol,Patna,Agartala,2076
Bangalore,Agartala,Agartala,0
Baroda,Patna,Agartala,3263
Bhopal,Patna,Agartala,2697
Bhubaneshwar,Agartala,Agartala,0
Bombay,Agartala,Agartala,0
Calcutta,Agartala,Agartala,0
Calicut,Panjim,Agartala,4083
Chandigarh,Agartala,Agartala,0
Cochin,Agartala,Agartala,0
Coimbatore,Bhubaneshwar,Agartala,3919
Delhi,Agartala,Agartala,0
Gwalior,Patna,Agartala,2490
Hubli,Patna,Agartala,3679
Hyderabad,Agartala,Agartala,0
Imphal,Patna,Agartala,3215
Indore,Agartala,Agartala,0
Jabalpur,Patna,Agartala,2417
Jaipur,Agartala,Agartala,0
Jamshedpur,Calcutta,Agartala,2131
Jullundur,Delhi,Agartala,3083
Kanpur,Agartala,Agartala,0
Kolhapur,Pune,Agartala,3689
Lucknow,Agartala,Agartala,0
Ludhiana,Delhi,Agartala,3018
Madras,Agartala,Agartala,0
Madurai,Bhubaneshwar,Agartala,3973
Meerut,Patna,Agartala,2615
Nagpur,Agartala,Agartala,0
Nasik,Agartala,Agartala,0
Panjim,Agartala,Agartala,0
Patna,Agartala,Agartala,0
Pondicherry,Agartala,Agartala,0
Pune,Agartala,Agartala,0
Ranchi,Patna,Agartala,1983
Shillong,Patna,Agartala,2700
Shimla,Lucknow,Agartala,2906
Surat,Nagpur,Agartala,3423
Trivandrum,Panjim,Agartala,3629
Varanasi,Patna,Agartala,1961
Vijayawada,Bhubaneshwar,Agartala,3061
Vishakapatnam,Bhubaneshwar,Agartala,2731
Agartala,Patna,Agra,2566
Ahmedabad,Agra,Agra,0
Allahabad,Kanpur,Agra,483
Amritsar,Delhi,Agra,645
Asansol,Kanpur,Agra,1079
Bangalore,Agra,Agra,0
Baroda,Indore,Agra,970
Bhopal,Indore,Agra,782
Bhubaneshwar,Agra,Agra,0
Bombay,Agra,Agra,0
Calcutta,Agra,Agra,0
Calicut,Hyderabad,Agra,2156
Chandigarh,Agra,Agra,0
Cochin,Agra,Agra,0
Coimbatore,Bangalore,Agra,2142
Delhi,Agra,Agra,0
Gwalior,Delhi,Agra,515
Hubli,Jaipur,Agra,1290
Hyderabad,Agra,Agra,0
Imphal,Patna,Agra,2419
Indore,Agra,Agra,0
Jabalpur,Kanpur,Agra,833
Jaipur,Agra,Agra,0
Jamshedpur,Kanpur,Agra,1157
Jullundur,Delhi,Agra,575
Kanpur,Agra,Agra,0
Kolhapur,Indore,Agra,1461
Lucknow,Agra,Agra,0
Ludhiana,Delhi,Agra,510
Madras,Agra,Agra,0
Madurai,Bangalore,Agra,2241
Meerut,Delhi,Agra,266
Nagpur,Agra,Agra,0
Nasik,Agra,Agra,0
Panjim,Agra,Agra,0
Patna,Agra,Agra,0
Pondicherry,Agra,Agra,0
Pune,Agra,Agra,0
Ranchi,Kanpur,Agra,1013
Shillong,Patna,Agra,1904
Shimla,Chandigarh,Agra,547
Surat,Ahmedabad,Agra,1141
Trivandrum,Delhi,Agra,2150
Varanasi,Kanpur,Agra,605
Vijayawada,Nagpur,Agra,1512
Vishakapatnam,Nagpur,Agra,1680
Agartala,Ahmedabad,Ahmedabad,3305
Agra,Ahmedabad,Ahmedabad,878
Allahabad,Indore,Ahmedabad,1245
Amritsar,Jaipur,Ahmedabad,1354
Asansol,Indore,Ahmedabad,1836
Bangalore,Ahmedabad,Ahmedabad,0
Baroda,Ahmedabad,Ahmedabad,119
Bhopal,Ahmedabad,Ahmedabad,523
Bhubaneshwar,Ahmedabad,Ahmedabad,0
Bombay,Ahmedabad,Ahmedabad,0
Calcutta,Ahmedabad,Ahmedabad,0
Calicut,Ahmedabad,Ahmedabad,1648
Chandigarh,Ahmedabad,Ahmedabad,0
Cochin,Ahmedabad,Ahmedabad,0
Coimbatore,Ahmedabad,Ahmedabad,1669
Delhi,Ahmedabad,Ahmedabad,0
Gwalior,Ahmedabad,Ahmedabad,919
Hubli,Ahmedabad,Ahmedabad,1101
Hyderabad,Ahmedabad,Ahmedabad,0
Imphal,Indore,Ahmedabad,3186
Indore,Ahmedabad,Ahmedabad,0
Jabalpur,Ahmedabad,Ahmedabad,901
Jaipur,Ahmedabad,Ahmedabad,0
Jamshedpur,Ahmedabad,Ahmedabad,1225
Jullundur,Ahmedabad,Ahmedabad,1285
Kanpur,Ahmedabad,Ahmedabad,0
Kolhapur,Ahmedabad,Ahmedabad,911
Lucknow,Ahmedabad,Ahmedabad,0
Ludhiana,Jaipur,Ahmedabad,1218
Madras,Ahmedabad,Ahmedabad,0
Madurai,Pune,Ahmedabad,1902
Meerut,Jaipur,Ahmedabad,975
Nagpur,Ahmedabad,Ahmedabad,0
Nasik,Ahmedabad,Ahmedabad,0
Panjim,Ahmedabad,Ahmedabad,0
Patna,Ahmedabad,Ahmedabad,0
Pondicherry,Ahmedabad,Ahmedabad,0
Pune,Ahmedabad,Ahmedabad,0
Ranchi,Indore,Ahmedabad,1775
Shillong,Hyderabad,Ahmedabad,2518
Shimla,Chandigarh,Ahmedabad,1254
Surat,Ahmedabad,Ahmedabad,263
Trivandrum,Bombay,Ahmedabad,1928
Varanasi,Indore,Ahmedabad,1367
Vijayawada,Hyderabad,Ahmedabad,1478
Vishakapatnam,Nagpur,Ahmedabad,1797
Agartala,Patna,Allahabad,2083
Agra,Kanpur,Allahabad,483
Ahmedabad,Allahabad,Allahabad,0
Amritsar,Delhi,Allahabad,1095
Asansol,Patna,Allahabad,797
Bangalore,Allahabad,Allahabad,0
Baroda,Indore,Allahabad,1182
Bhopal,Kanpur,Allahabad,778
Bhubaneshwar,Allahabad,Allahabad,0
Bombay,Allahabad,Allahabad,0
Calcutta,Allahabad,Allahabad,0
Calicut,Pondicherry,Allahabad,1643
Chandigarh,Allahabad,Allahabad,0
Cochin,Allahabad,Allahabad,0
Coimbatore,Pondicherry,Allahabad,1487
Delhi,Allahabad,Allahabad,0
Gwalior,Kanpur,Allahabad,473
Hubli,Hyderabad,Allahabad,1570
Hyderabad,Allahabad,Allahabad,0
Imphal,Patna,Allahabad,1936
Indore,Allahabad,Allahabad,0
Jabalpur,Kanpur,Allahabad,736
Jaipur,Allahabad,Allahabad,0
Jamshedpur,Patna,Allahabad,875
Jullundur,Chandigarh,Allahabad,1008
Kanpur,Allahabad,Allahabad,0
Kolhapur,Nasik,Allahabad,1611
Lucknow,Allahabad,Allahabad,0
Ludhiana,Chandigarh,Allahabad,959
Madras,Allahabad,Allahabad,0
Madurai,Pondicherry,Allahabad,1410
Meerut,Lucknow,Allahabad,687
Nagpur,Allahabad,Allahabad,0
Nasik,Allahabad,Allahabad,0
Panjim,Allahabad,Allahabad,0
Patna,Allahabad,Allahabad,0
Pondicherry,Allahabad,Allahabad,0
Pune,Allahabad,Allahabad,0
Ranchi,Patna,Allahabad,704
Shillong,Patna,Allahabad,1421
Shimla,Lucknow,Allahabad,893
Surat,Nagpur,Allahabad,1357
Trivandrum,Pondicherry,Allahabad,1699
Varanasi,Kanpur,Allahabad,508
Vijayawada,Nagpur,Allahabad,1350
Vishakapatnam,Nagpur,Allahabad,1518
Agartala,Delhi,Amritsar,3153
Agra,Delhi,Amritsar,645
Ahmedabad,Amritsar,Amritsar,0
Allahabad,Delhi,Amritsar,1093
Asansol,Delhi,Amritsar,1707
Bangalore,Amritsar,Amritsar,0
Baroda,Chandigarh,Amritsar,1420
Bhopal,Delhi,Amritsar,1187
Bhubaneshwar,Amritsar,Amritsar,0
Bombay,Amritsar,Amritsar,0
Calcutta,Amritsar,Amritsar,0
Calicut,Hyderabad,Amritsar,2802
Chandigarh,Amritsar,Amritsar,0
Cochin,Amritsar,Amritsar,0
Coimbatore,Cochin,Amritsar,2399
Delhi,Amritsar,Amritsar,0
Gwalior,Chandigarh,Amritsar,701
Hubli,Jaipur,Amritsar,1766
Hyderabad,Amritsar,Amritsar,0
Imphal,Delhi,Amritsar,3006
Indore,Amritsar,Amritsar,0
Jabalpur,Delhi,Amritsar,1245
Jaipur,Amritsar,Amritsar,0
Jamshedpur,Kanpur,Amritsar,1793
Jullundur,Chandigarh,Amritsar,393
Kanpur,Amritsar,Amritsar,0
Kolhapur,Indore,Amritsar,1981
Lucknow,Amritsar,Amritsar,0
Ludhiana,Chandigarh,Amritsar,344
Madras,Amritsar,Amritsar,0
Madurai,Cochin,Amritsar,2530
Meerut,Delhi,Amritsar,511
Nagpur,Amritsar,Amritsar,0
Nasik,Amritsar,Amritsar,0
Panjim,Amritsar,Amritsar,0
Patna,Amritsar,Amritsar,0
Pondicherry,Amritsar,Amritsar,0
Pune,Amritsar,Amritsar,0
Ranchi,Kanpur,Amritsar,1623
Shillong,Patna,Amritsar,2514
Shimla,Chandigarh,Amritsar,338
Surat,Chandigarh,Amritsar,1564
Trivandrum,Delhi,Amritsar,2395
Varanasi,Delhi,Amritsar,1190
Vijayawada,Nagpur,Amritsar,2158
Vishakapatnam,Delhi,Amritsar,2326
Agartala,Patna,Asansol,2076
Agra,Kanpur,Asansol,1079
Ahmedabad,Asansol,Asansol,0
Allahabad,Patna,Asansol,797
Amritsar,Delhi,Asansol,1689
Bangalore,Asansol,Asansol,0
Baroda,Indore,Asansol,1773
Bhopal,Kanpur,Asansol,1374
Bhubaneshwar,Asansol,Asansol,0
Bombay,Asansol,Asansol,0
Calcutta,Asansol,Asansol,0
Calicut,Bhubaneshwar,Asansol,2446
Chandigarh,Asansol,Asansol,0
Cochin,Asansol,Asansol,0
Coimbatore,Bhubaneshwar,Asansol,2156
Delhi,Asansol,Asansol,0
Gwalior,Kanpur,Asansol,1069
Hubli,Nagpur,Asansol,2117
Hyderabad,Asansol,Asansol,0
Imphal,Patna,Asansol,1929
Indore,Asansol,Asansol,0
Jabalpur,Patna,Asansol,1131
Jaipur,Asansol,Asansol,0
Jamshedpur,Calcutta,Asansol,494
Jullundur,Chandigarh,Asansol,1604
Kanpur,Asansol,Asansol,0
Kolhapur,Bhubaneshwar,Asansol,2145
Lucknow,Asansol,Asansol,0
Ludhiana,Chandigarh,Asansol,1555
Madras,Asansol,Asansol,0
Madurai,Bhubaneshwar,Asansol,2210
Meerut,Lucknow,Asansol,1278
Nagpur,Asansol,Asansol,0
Nasik,Asansol,Asansol,0
Panjim,Asansol,Asansol,0
Patna,Asansol,Asansol,0
Pondicherry,Asansol,Asansol,0
Pune,Asansol,Asansol,0
Ranchi,Calcutta,Asansol,640
Shillong,Patna,Asansol,1414
Shimla,Lucknow,Asansol,1484
Surat,Nagpur,Asansol,1871
Trivandrum,Panjim,Asansol,1992
Varanasi,Patna,Asansol,675
Vijayawada,Bhubaneshwar,Asansol,1298
Vishakapatnam,Bhubaneshwar,Asansol,968
Agartala,Patna,Bangalore,3277
Agra,Hyderabad,Bangalore,1809
Ahmedabad,Bangalore,Bangalore,0
Allahabad,Pondicherry,Bangalore,1405
Amritsar,Hyderabad,Bangalore,2454
Asansol,Bhubaneshwar,Bangalore,1640
Baroda,Pune,Bangalore,1371
Bhopal,Bangalore,Bangalore,1148
Bhubaneshwar,Bangalore,Bangalore,0
Bombay,Bangalore,Bangalore,0
Calcutta,Bangalore,Bangalore,0
Calicut,Bangalore,Bangalore,520
Chandigarh,Bangalore,Bangalore,0
Cochin,Bangalore,Bangalore,0
Coimbatore,Bangalore,Bangalore,333
Delhi,Bangalore,Bangalore,0
Gwalior,Hyderabad,Bangalore,1695
Hubli,Bangalore,Bangalore,391
Hyderabad,Bangalore,Bangalore,0
Imphal,Calcutta,Bangalore,3131
Indore,Bangalore,Bangalore,0
Jabalpur,Hyderabad,Bangalore,1296
Jaipur,Bangalore,Bangalore,0
Jamshedpur,Calcutta,Bangalore,1682
Jullundur,Hyderabad,Bangalore,2384
Kanpur,Bangalore,Bangalore,0
Kolhapur,Bangalore,Bangalore,484
Lucknow,Bangalore,Bangalore,0
Ludhiana,Hyderabad,Bangalore,2319
Madras,Bangalore,Bangalore,0
Madurai,Bangalore,Bangalore,432
Meerut,Hyderabad,Bangalore,2033
Nagpur,Bangalore,Bangalore,0
Nasik,Bangalore,Bangalore,0
Panjim,Bangalore,Bangalore,0
Patna,Bangalore,Bangalore,0
Pondicherry,Bangalore,Bangalore,0
Pune,Bangalore,Bangalore,0
Ranchi,Calcutta,Bangalore,1828
Shillong,Hyderabad,Bangalore,1872
Shimla,Chandigarh,Bangalore,2355
Surat,Pune,Bangalore,1238
Trivandrum,Bangalore,Bangalore,696
Varanasi,Hyderabad,Bangalore,1752
Vijayawada,Bangalore,Bangalore,637
Vishakapatnam,Bangalore,Bangalore,1093
Agartala,Patna,Baroda,3263
Agra,Indore,Baroda,970
Ahmedabad,Baroda,Baroda,0
Allahabad,Indore,Baroda,1182
Amritsar,Chandigarh,Baroda,1420
Asansol,Indore,Baroda,1773
Bangalore,Baroda,Baroda,0
Bhopal,Indore,Baroda,570
Bhubaneshwar,Baroda,Baroda,0
Bombay,Baroda,Baroda,0
Calcutta,Baroda,Baroda,0
Calicut,Pune,Baroda,1529
Chandigarh,Baroda,Baroda,0
Cochin,Baroda,Baroda,0
Coimbatore,Pune,Baroda,1550
Delhi,Baroda,Baroda,0
Gwalior,Indore,Baroda,876
Hubli,Pune,Baroda,982
Hyderabad,Baroda,Baroda,0
Imphal,Patna,Baroda,3116
Indore,Baroda,Baroda,0
Jabalpur,Ahmedabad,Baroda,1020
Jaipur,Baroda,Baroda,0
Jamshedpur,Ahmedabad,Baroda,1344
Jullundur,Chandigarh,Baroda,1335
Kanpur,Baroda,Baroda,0
Kolhapur,Pune,Baroda,792
Lucknow,Baroda,Baroda,0
Ludhiana,Chandigarh,Baroda,1286
Madras,Baroda,Baroda,0
Madurai,Pune,Baroda,1783
Meerut,Jaipur,Baroda,1094
Nagpur,Baroda,Baroda,0
Nasik,Baroda,Baroda,0
Panjim,Baroda,Baroda,0
Patna,Baroda,Baroda,0
Pondicherry,Baroda,Baroda,0
Pune,Baroda,Baroda,0
Ranchi,Indore,Baroda,1712
Shillong,Hyderabad,Baroda,2399
Shimla,Chandigarh,Baroda,1280
Surat,Ahmedabad,Baroda,382
Trivandrum,Bombay,Baroda,1809
Varanasi,Indore,Baroda,1304
Vijayawada,Hyderabad,Baroda,1359
Vishakapatnam,Nagpur,Baroda,1684
Agartala,Patna,Bhopal,2697
Agra,Indore,Bhopal,782
Ahmedabad,Bhopal,Bhopal,0
Allahabad,Kanpur,Bhopal,778
Amritsar,Delhi,Bhopal,1187
Asansol,Kanpur,Bhopal,1374
Bangalore,Bhopal,Bhopal,0
Baroda,Indore,Bhopal,570
Bhubaneshwar,Bhopal,Bhopal,0
Bombay,Bhopal,Bhopal,0
Calcutta,Bhopal,Bhopal,0
Calicut,Bangalore,Bhopal,1668
Chandigarh,Bhopal,Bhopal,0
Cochin,Bhopal,Bhopal,0
Coimbatore,Bangalore,Bhopal,1481
Delhi,Bhopal,Bhopal,0
Gwalior,Indore,Bhopal,688
Hubli,Indore,Bhopal,1251
Hyderabad,Bhopal,Bhopal,0
Imphal,Patna,Bhopal,2550
Indore,Bhopal,Bhopal,0
Jabalpur,Nagpur,Bhopal,609
Jaipur,Bhopal,Bhopal,0
Jamshedpur,Kanpur,Bhopal,1452
Jullundur,Delhi,Bhopal,1117
Kanpur,Bhopal,Bhopal,0
Kolhapur,Indore,Bhopal,1061
Lucknow,Bhopal,Bhopal,0
Ludhiana,Delhi,Bhopal,1052
Madras,Bhopal,Bhopal,0
Madurai,Bangalore,Bhopal,1580
Meerut,Delhi,Bhopal,808
Nagpur,Bhopal,Bhopal,0
Nasik,Bhopal,Bhopal,0
Panjim,Bhopal,Bhopal,0
Patna,Bhopal,Bhopal,0
Pondicherry,Bhopal,Bhopal,0
Pune,Bhopal,Bhopal,0
Ranchi,Kanpur,Bhopal,1308
Shillong,Patna,Bhopal,2035
Shimla,Chandigarh,Bhopal,1087
Surat,Ahmedabad,Bhopal,786
Trivandrum,Bangalore,Bhopal,1844
Varanasi,Kanpur,Bhopal,900
Vijayawada,Hyderabad,Bhopal,1077
Vishakapatnam,Nagpur,Bhopal,1262
Agartala,Bhubaneshwar,Bhubaneshwar,2286
Agra,Kanpur,Bhubaneshwar,1573
Ahmedabad,Bhubaneshwar,Bhubaneshwar,0
Allahabad,Bhubaneshwar,Bhubaneshwar,1090
Amritsar,Delhi,Bhubaneshwar,2158
Asansol,Bhubaneshwar,Bhubaneshwar,523
Bangalore,Bhubaneshwar,Bhubaneshwar,0
Baroda,Bhubaneshwar,Bhubaneshwar,1604
Bhopal,Bhubaneshwar,Bhubaneshwar,1162
Bombay,Bhubaneshwar,Bhubaneshwar,0
Calcutta,Bhubaneshwar,Bhubaneshwar,0
Calicut,Madras,Bhubaneshwar,1922
Chandigarh,Bhubaneshwar,Bhubaneshwar,0
Cochin,Bhubaneshwar,Bhubaneshwar,0
Coimbatore,Bhubaneshwar,Bhubaneshwar,1633
Delhi,Bhubaneshwar,Bhubaneshwar,0
Gwalior,Bhubaneshwar,Bhubaneshwar,1486
Hubli,Hyderabad,Bhubaneshwar,1530
Hyderabad,Bhubaneshwar,Bhubaneshwar,0
Imphal,Bhubaneshwar,Bhubaneshwar,2139
Indore,Bhubaneshwar,Bhubaneshwar,0
Jabalpur,Bhubaneshwar,Bhubaneshwar,1087
Jaipur,Bhubaneshwar,Bhubaneshwar,0
Jamshedpur,Bhubaneshwar,Bhubaneshwar,422
Jullundur,Delhi,Bhubaneshwar,2088
Kanpur,Bhubaneshwar,Bhubaneshwar,0
Kolhapur,Bhubaneshwar,Bhubaneshwar,1622
Lucknow,Bhubaneshwar,Bhubaneshwar,0
Ludhiana,Delhi,Bhubaneshwar,2023
Madras,Bhubaneshwar,Bhubaneshwar,0
Madurai,Bhubaneshwar,Bhubaneshwar,1687
Meerut,Lucknow,Bhubaneshwar,1707
Nagpur,Bhubaneshwar,Bhubaneshwar,0
Nasik,Bhubaneshwar,Bhubaneshwar,0
Panjim,Bhubaneshwar,Bhubaneshwar,0
Patna,Bhubaneshwar,Bhubaneshwar,0
Pondicherry,Bhubaneshwar,Bhubaneshwar,0
Pune,Bhubaneshwar,Bhubaneshwar,0
Ranchi,Bhubaneshwar,Bhubaneshwar,560
Shillong,Bhubaneshwar,Bhubaneshwar,1640
Shimla,Lucknow,Bhubaneshwar,1913
Surat,Bhubaneshwar,Bhubaneshwar,1579
Trivandrum,Bhubaneshwar,Bhubaneshwar,1953
Varanasi,Bhubaneshwar,Bhubaneshwar,968
Vijayawada,Bhubaneshwar,Bhubaneshwar,775
Vishakapatnam,Bhubaneshwar,Bhubaneshwar,445
Agartala,Indore,Bombay,3421
Agra,Indore,Bombay,1180
Ahmedabad,Bombay,Bombay,0
Allahabad,Nasik,Bombay,1352
Amritsar,Indore,Bombay,1700
Asansol,Nasik,Bombay,1784
Bangalore,Bombay,Bombay,0
Baroda,Bombay,Bombay,433
Bhopal,Bombay,Bombay,778
Bhubaneshwar,Bombay,Bombay,0
Calcutta,Bombay,Bombay,0
Calicut,Panjim,Bombay,1160
Chandigarh,Bombay,Bombay,0
Cochin,Bombay,Bombay,0
Coimbatore,Pune,Bombay,1189
Delhi,Bombay,Bombay,0
Gwalior,Bombay,Bombay,1085
Hubli,Bombay,Bombay,614
Hyderabad,Bombay,Bombay,0
Imphal,Calcutta,Bombay,3275
Indore,Bombay,Bombay,0
Jabalpur,Nagpur,Bombay,1106
Jaipur,Bombay,Bombay,0
Jamshedpur,Ahmedabad,Bombay,1777
Jullundur,Indore,Bombay,1760
Kanpur,Bombay,Bombay,0
Kolhapur,Bombay,Bombay,426
Lucknow,Bombay,Bombay,0
Ludhiana,Jaipur,Bombay,1564
Madras,Bombay,Bombay,0
Madurai,Pune,Bombay,1422
Meerut,Jaipur,Bombay,1321
Nagpur,Bombay,Bombay,0
Nasik,Bombay,Bombay,0
Panjim,Bombay,Bombay,0
Patna,Bombay,Bombay,0
Pondicherry,Bombay,Bombay,0
Pune,Bombay,Bombay,0
Ranchi,Nagpur,Bombay,1807
Shillong,Hyderabad,Bombay,2038
Shimla,Jaipur,Bombay,1630
Surat,Bombay,Bombay,301
Trivandrum,Bombay,Bombay,1376
Varanasi,Indore,Bombay,1514
Vijayawada,Bombay,Bombay,973
Vishakapatnam,Hyderabad,Bombay,1328
Agartala,Calcutta,Calcutta,1863
Agra,Calcutta,Calcutta,1300
Ahmedabad,Calcutta,Calcutta,0
Allahabad,Calcutta,Calcutta,817
Amritsar,Calcutta,Calcutta,1910
Asansol,Calcutta,Calcutta,226
Bangalore,Calcutta,Calcutta,0
Baroda,Calcutta,Calcutta,1937
Bhopal,Calcutta,Calcutta,1495
Bhubaneshwar,Calcutta,Calcutta,0
Bombay,Calcutta,Calcutta,0
Calicut,Panjim,Calcutta,1550
Chandigarh,Calcutta,Calcutta,0
Cochin,Calcutta,Calcutta,0
Coimbatore,Madras,Calcutta,1586
Delhi,Calcutta,Calcutta,0
Gwalior,Calcutta,Calcutta,1224
Hubli,Panjim,Calcutta,1164
Hyderabad,Calcutta,Calcutta,0
Imphal,Calcutta,Calcutta,1717
Indore,Calcutta,Calcutta,0
Jabalpur,Calcutta,Calcutta,1167
Jaipur,Calcutta,Calcutta,0
Jamshedpur,Calcutta,Calcutta,268
Jullundur,Chandigarh,Calcutta,1825
Kanpur,Calcutta,Calcutta,0
Kolhapur,Panjim,Calcutta,1228
Lucknow,Calcutta,Calcutta,0
Ludhiana,Chandigarh,Calcutta,1776
Madras,Calcutta,Calcutta,0
Madurai,Madras,Calcutta,1640
Meerut,Calcutta,Calcutta,1497
Nagpur,Calcutta,Calcutta,0
Nasik,Calcutta,Calcutta,0
Panjim,Calcutta,Calcutta,0
Patna,Calcutta,Calcutta,0
Pondicherry,Calcutta,Calcutta,0
Pune,Calcutta,Calcutta,0
Ranchi,Calcutta,Calcutta,414
Shillong,Calcutta,Calcutta,1281
Shimla,Lucknow,Calcutta,1748
Surat,Bombay,Calcutta,1859
Trivandrum,Panjim,Calcutta,1766
Varanasi,Calcutta,Calcutta,695
Vijayawada,Bhubaneshwar,Calcutta,1198
Vishakapatnam,Bhubaneshwar,Calcutta,868
Agartala,Panjim,Calicut,3413
Agra,Hyderabad,Calicut,2156
Ahmedabad,Calicut,Calicut,0
Allahabad,Pondicherry,Calicut,1643
Amritsar,Hyderabad,Calicut,2426
Asansol,Bhubaneshwar,Calicut,1776
Bangalore,Calicut,Calicut,0
Baroda,Pune,Calicut,1529
Bhopal,Bangalore,Calicut,1668
Bhubaneshwar,Calicut,Calicut,0
Bombay,Calicut,Calicut,0
Calcutta,Calicut,Calicut,0
Chandigarh,Calicut,Calicut,0
Cochin,Calicut,Calicut,0
Coimbatore,Cochin,Calicut,417
Delhi,Calicut,Calicut,0
Gwalior,Hyderabad,Calicut,2042
Hubli,Panjim,Calicut,766
Hyderabad,Calicut,Calicut,0
Imphal,Calcutta,Calicut,3267
Indore,Calicut,Calicut,0
Jabalpur,Hyderabad,Calicut,1643
Jaipur,Calicut,Calicut,0
Jamshedpur,Calcutta,Calicut,1818
Jullundur,Chandigarh,Calicut,2341
Kanpur,Calicut,Calicut,0
Kolhapur,Panjim,Calicut,830
Lucknow,Calicut,Calicut,0
Ludhiana,Chandigarh,Calicut,2292
Madras,Calicut,Calicut,0
Madurai,Cochin,Calicut,548
Meerut,Jaipur,Calicut,2339
Nagpur,Calicut,Calicut,0
Nasik,Calicut,Calicut,0
Panjim,Calicut,Calicut,0
Patna,Calicut,Calicut,0
Pondicherry,Calicut,Calicut,0
Pune,Calicut,Calicut,0
Ranchi,Calcutta,Calicut,1964
Shillong,Hyderabad,Calicut,2219
Shimla,Chandigarh,Calicut,2286
Surat,Pune,Calicut,1396
Trivandrum,Cochin,Calicut,440
Varanasi,Hyderabad,Calicut,2099
Vijayawada,Madras,Calicut,1147
Vishakapatnam,Madras,Calicut,1477
Agartala,Kanpur,Chandigarh,2938
Agra,Chandigarh,Chandigarh,448
Ahmedabad,Chandigarh,Chandigarh,0
Allahabad,Kanpur,Chandigarh,854
Amritsar,Chandigarh,Chandigarh,239
Asansol,Kanpur,Chandigarh,1450
Bangalore,Chandigarh,Chandigarh,0
Baroda,Chandigarh,Chandigarh,1181
Bhopal,Chandigarh,Chandigarh,988
Bhubaneshwar,Chandigarh,Chandigarh,0
Bombay,Chandigarh,Chandigarh,0
Calcutta,Chandigarh,Chandigarh,0
Calicut,Cochin,Chandigarh,2187
Cochin,Chandigarh,Chandigarh,0
Coimbatore,Cochin,Chandigarh,2160
Delhi,Chandigarh,Chandigarh,0
Gwalior,Chandigarh,Chandigarh,462
Hubli,Jaipur,Chandigarh,1567
Hyderabad,Chandigarh,Chandigarh,0
Imphal,Kanpur,Chandigarh,2795
Indore,Chandigarh,Chandigarh,0
Jabalpur,Chandigarh,Chandigarh,1046
Jaipur,Chandigarh,Chandigarh,0
Jamshedpur,Kanpur,Chandigarh,1528
Jullundur,Chandigarh,Chandigarh,154
Kanpur,Chandigarh,Chandigarh,0
Kolhapur,Indore,Chandigarh,1782
Lucknow,Chandigarh,Chandigarh,0
Ludhiana,Chandigarh,Chandigarh,105
Madras,Chandigarh,Chandigarh,0
Madurai,Cochin,Chandigarh,2291
Meerut,Delhi,Chandigarh,314
Nagpur,Chandigarh,Chandigarh,0
Nasik,Chandigarh,Chandigarh,0
Panjim,Chandigarh,Chandigarh,0
Patna,Chandigarh,Chandigarh,0
Pondicherry,Chandigarh,Chandigarh,0
Pune,Chandigarh,Chandigarh,0
Ranchi,Kanpur,Chandigarh,1384
Shillong,Patna,Chandigarh,2275
Shimla,Chandigarh,Chandigarh,99
Surat,Chandigarh,Chandigarh,1325
Trivandrum,Cochin,Chandigarh,2183
Varanasi,Kanpur,Chandigarh,976
Vijayawada,Chandigarh,Chandigarh,1959
Vishakapatnam,Chandigarh,Chandigarh,2127
Agartala,Madras,Cochin,3635
Agra,Cochin,Cochin,2278
Ahmedabad,Cochin,Cochin,0
Allahabad,Pondicherry,Cochin,1607
Amritsar,Chandigarh,Cochin,2204
Asansol,Bhubaneshwar,Cochin,1998
Bangalore,Cochin,Cochin,0
Baroda,Pune,Cochin,1726
Bhopal,Bangalore,Cochin,1660
Bhubaneshwar,Cochin,Cochin,0
Bombay,Cochin,Cochin,0
Calcutta,Cochin,Cochin,0
Calicut,Cochin,Cochin,222
Chandigarh,Cochin,Cochin,0
Coimbatore,Cochin,Cochin,195
Delhi,Cochin,Cochin,0
Gwalior,Cochin,Cochin,1881
Hubli,Cochin,Cochin,774
Hyderabad,Cochin,Cochin,0
Imphal,Calcutta,Cochin,3489
Indore,Cochin,Cochin,0
Jabalpur,Hyderabad,Cochin,1808
Jaipur,Cochin,Cochin,0
Jamshedpur,Calcutta,Cochin,2040
Jullundur,Chandigarh,Cochin,2119
Kanpur,Cochin,Cochin,0
Kolhapur,Cochin,Cochin,934
Lucknow,Cochin,Cochin,0
Ludhiana,Chandigarh,Cochin,2070
Madras,Cochin,Cochin,0
Madurai,Cochin,Cochin,326
Meerut,Delhi,Cochin,2279
Nagpur,Cochin,Cochin,0
Nasik,Cochin,Cochin,0
Panjim,Cochin,Cochin,0
Patna,Cochin,Cochin,0
Pondicherry,Cochin,Cochin,0
Pune,Cochin,Cochin,0
Ranchi,Calcutta,Cochin,2186
Shillong,Hyderabad,Cochin,2384
Shimla,Chandigarh,Cochin,2064
Surat,Cochin,Cochin,1593
Trivandrum,Cochin,Cochin,218
Varanasi,Hyderabad,Cochin,2264
Vijayawada,Madras,Cochin,1119
Vishakapatnam,Cochin,Cochin,1449
Agartala,Bhubaneshwar,Coimbatore,3637
Agra,Bangalore,Coimbatore,2142
Ahmedabad,Coimbatore,Coimbatore,0
Allahabad,Pondicherry,Coimbatore,1487
Amritsar,Cochin,Coimbatore,2399
Asansol,Bhubaneshwar,Coimbatore,2000
Bangalore,Coimbatore,Coimbatore,0
Baroda,Pune,Coimbatore,1550
Bhopal,Bangalore,Coimbatore,1481
Bhubaneshwar,Coimbatore,Coimbatore,0
Bombay,Coimbatore,Coimbatore,0
Calcutta,Coimbatore,Coimbatore,0
Calicut,Cochin,Coimbatore,417
Chandigarh,Coimbatore,Coimbatore,0
Cochin,Coimbatore,Coimbatore,0
Delhi,Coimbatore,Coimbatore,0
Gwalior,Hyderabad,Coimbatore,2044
Hubli,Bangalore,Coimbatore,724
Hyderabad,Coimbatore,Coimbatore,0
Imphal,Calcutta,Coimbatore,3303
Indore,Coimbatore,Coimbatore,0
Jabalpur,Hyderabad,Coimbatore,1629
Jaipur,Coimbatore,Coimbatore,0
Jamshedpur,Calcutta,Coimbatore,1854
Jullundur,Chandigarh,Coimbatore,2314
Kanpur,Coimbatore,Coimbatore,0
Kolhapur,Bangalore,Coimbatore,817
Lucknow,Coimbatore,Coimbatore,0
Ludhiana,Chandigarh,Coimbatore,2265
Madras,Coimbatore,Coimbatore,0
Madurai,Cochin,Coimbatore,521
Meerut,Jaipur,Coimbatore,2360
Nagpur,Coimbatore,Coimbatore,0
Nasik,Coimbatore,Coimbatore,0
Panjim,Coimbatore,Coimbatore,0
Patna,Coimbatore,Coimbatore,0
Pondicherry,Coimbatore,Coimbatore,0
Pune,Coimbatore,Coimbatore,0
Ranchi,Calcutta,Coimbatore,2000
Shillong,Hyderabad,Coimbatore,2205
Shimla,Chandigarh,Coimbatore,2259
Surat,Pune,Coimbatore,1417
Trivandrum,Cochin,Coimbatore,413
Varanasi,Hyderabad,Coimbatore,2085
Vijayawada,Madras,Coimbatore,858
Vishakapatnam,Madras,Coimbatore,1188
Agartala,Delhi,Delhi,2708
Agra,Delhi,Delhi,200
Ahmedabad,Delhi,Delhi,0
Allahabad,Delhi,Delhi,650
Amritsar,Delhi,Delhi,445
Asansol,Delhi,Delhi,1262
Bangalore,Delhi,Delhi,0
Baroda,Ahmedabad,Delhi,1030
Bhopal,Delhi,Delhi,742
Bhubaneshwar,Delhi,Delhi,0
Bombay,Delhi,Delhi,0
Calcutta,Delhi,Delhi,0
Calicut,Panjim,Delhi,2275
Chandigarh,Delhi,Delhi,0
Cochin,Delhi,Delhi,0
Coimbatore,Bangalore,Delhi,2137
Gwalior,Delhi,Delhi,315
Hubli,Jaipur,Delhi,1323
Hyderabad,Delhi,Delhi,0
Imphal,Delhi,Delhi,2561
Indore,Delhi,Delhi,0
Jabalpur,Delhi,Delhi,800
Jaipur,Delhi,Delhi,0
Jamshedpur,Kanpur,Delhi,1348
Jullundur,Delhi,Delhi,375
Kanpur,Delhi,Delhi,0
Kolhapur,Indore,Delhi,1538
Lucknow,Delhi,Delhi,0
Ludhiana,Delhi,Delhi,310
Madras,Delhi,Delhi,0
Madurai,Bangalore,Delhi,2441
Meerut,Delhi,Delhi,66
Nagpur,Delhi,Delhi,0
Nasik,Delhi,Delhi,0
Panjim,Delhi,Delhi,0
Patna,Delhi,Delhi,0
Pondicherry,Delhi,Delhi,0
Pune,Delhi,Delhi,0
Ranchi,Kanpur,Delhi,1204
Shillong,Patna,Delhi,2084
Shimla,Chandigarh,Delhi,347
Surat,Ahmedabad,Delhi,1174
Trivandrum,Delhi,Delhi,1950
Varanasi,Delhi,Delhi,745
Vijayawada,Nagpur,Delhi,1713
Vishakapatnam,Delhi,Delhi,1881
Agartala,Patna,Gwalior,2490
Agra,Delhi,Gwalior,515
Ahmedabad,Gwalior,Gwalior,0
Allahabad,Kanpur,Gwalior,473
Amritsar,Chandigarh,Gwalior,701
Asansol,Kanpur,Gwalior,1069
Bangalore,Gwalior,Gwalior,0
Baroda,Indore,Gwalior,876
Bhopal,Indore,Gwalior,688
Bhubaneshwar,Gwalior,Gwalior,0
Bombay,Gwalior,Gwalior,0
Calcutta,Gwalior,Gwalior,0
Calicut,Hyderabad,Gwalior,2042
Chandigarh,Gwalior,Gwalior,0
Cochin,Gwalior,Gwalior,0
Coimbatore,Hyderabad,Gwalior,1960
Delhi,Gwalior,Gwalior,0
Hubli,Jaipur,Gwalior,1411
Hyderabad,Gwalior,Gwalior,0
Imphal,Patna,Gwalior,2343
Indore,Gwalior,Gwalior,0
Jabalpur,Kanpur,Gwalior,823
Jaipur,Gwalior,Gwalior,0
Jamshedpur,Kanpur,Gwalior,1147
Jullundur,Chandigarh,Gwalior,616
Kanpur,Gwalior,Gwalior,0
Kolhapur,Nasik,Gwalior,1347
Lucknow,Gwalior,Gwalior,0
Ludhiana,Chandigarh,Gwalior,567
Madras,Gwalior,Gwalior,0
Madurai,Bangalore,Gwalior,2127
Meerut,Delhi,Gwalior,381
Nagpur,Gwalior,Gwalior,0
Nasik,Gwalior,Gwalior,0
Panjim,Gwalior,Gwalior,0
Patna,Gwalior,Gwalior,0
Pondicherry,Gwalior,Gwalior,0
Pune,Gwalior,Gwalior,0
Ranchi,Kanpur,Gwalior,1003
Shillong,Patna,Gwalior,1828
Shimla,Chandigarh,Gwalior,561
Surat,Indore,Gwalior,1104
Trivandrum,Cochin,Gwalior,2099
Varanasi,Kanpur,Gwalior,595
Vijayawada,Nagpur,Gwalior,1398
Vishakapatnam,Nagpur,Gwalior,1566
Agartala,Patna,Hubli,3027
Agra,Jaipur,Hubli,1290
Ahmedabad,Hubli,Hubli,0
Allahabad,Hyderabad,Hubli,1570
Amritsar,Jaipur,Hubli,1766
Asansol,Nagpur,Hubli,1390
Bangalore,Hubli,Hubli,0
Baroda,Pune,Hubli,982
Bhopal,Indore,Hubli,1251
Bhubaneshwar,Hubli,Hubli,0
Bombay,Hubli,Hubli,0
Calcutta,Hubli,Hubli,0
Calicut,Panjim,Hubli,766
Chandigarh,Hubli,Hubli,0
Cochin,Hubli,Hubli,0
Coimbatore,Bangalore,Hubli,724
Delhi,Hubli,Hubli,0
Gwalior,Jaipur,Hubli,1411
Hyderabad,Hubli,Hubli,0
Imphal,Calcutta,Hubli,2881
Indore,Hubli,Hubli,0
Jabalpur,Hyderabad,Hubli,1219
Jaipur,Hubli,Hubli,0
Jamshedpur,Calcutta,Hubli,1432
Jullundur,Delhi,Hubli,1698
Kanpur,Hubli,Hubli,0
Kolhapur,Panjim,Hubli,444
Lucknow,Hubli,Hubli,0
Ludhiana,Jaipur,Hubli,1630
Madras,Hubli,Hubli,0
Madurai,Bangalore,Hubli,823
Meerut,Jaipur,Hubli,1387
Nagpur,Hubli,Hubli,0
Nasik,Hubli,Hubli,0
Panjim,Hubli,Hubli,0
Patna,Hubli,Hubli,0
Pondicherry,Hubli,Hubli,0
Pune,Hubli,Hubli,0
Ranchi,Calcutta,Hubli,1578
Shillong,Hyderabad,Hubli,1795
Shimla,Chandigarh,Hubli,1666
Surat,Pune,Hubli,849
Trivandrum,Panjim,Hubli,982
Varanasi,Hyderabad,Hubli,1675
Vijayawada,Hyderabad,Hubli,755
Vishakapatnam,Hyderabad,Hubli,1085
Agartala,Patna,Hyderabad,3150
Agra,Hyderabad,Hyderabad,1246
Ahmedabad,Hyderabad,Hyderabad,0
Allahabad,Hyderabad,Hyderabad,1084
Amritsar,Hyderabad,Hyderabad,1891
Asansol,Bhubaneshwar,Hyderabad,1567
Bangalore,Hyderabad,Hyderabad,0
Baroda,Pune,Hyderabad,1090
Bhopal,Hyderabad,Hyderabad,808
Bhubaneshwar,Hyderabad,Hyderabad,0
Bombay,Hyderabad,Hyderabad,0
Calcutta,Hyderabad,Hyderabad,0
Calicut,Hyderabad,Hyderabad,910
Chandigarh,Hyderabad,Hyderabad,0
Cochin,Hyderabad,Hyderabad,0
Coimbatore,Bangalore,Hyderabad,896
Delhi,Hyderabad,Hyderabad,0
Gwalior,Hyderabad,Hyderabad,1132
Hubli,Hyderabad,Hyderabad,486
Imphal,Patna,Hyderabad,3003
Indore,Hyderabad,Hyderabad,0
Jabalpur,Hyderabad,Hyderabad,733
Jaipur,Hyderabad,Hyderabad,0
Jamshedpur,Bhubaneshwar,Hyderabad,1466
Jullundur,Delhi,Hyderabad,1821
Kanpur,Hyderabad,Hyderabad,0
Kolhapur,Hyderabad,Hyderabad,578
Lucknow,Hyderabad,Hyderabad,0
Ludhiana,Delhi,Hyderabad,1756
Madras,Hyderabad,Hyderabad,0
Madurai,Bangalore,Hyderabad,995
Meerut,Hyderabad,Hyderabad,1470
Nagpur,Hyderabad,Hyderabad,0
Nasik,Hyderabad,Hyderabad,0
Panjim,Hyderabad,Hyderabad,0
Patna,Hyderabad,Hyderabad,0
Pondicherry,Hyderabad,Hyderabad,0
Pune,Hyderabad,Hyderabad,0
Ranchi,Hyderabad,Hyderabad,1434
Shillong,Hyderabad,Hyderabad,1309
Shimla,Chandigarh,Hyderabad,1792
Surat,Pune,Hyderabad,957
Trivandrum,Bangalore,Hyderabad,1259
Varanasi,Hyderabad,Hyderabad,1189
Vijayawada,Hyderabad,Hyderabad,269
Vishakapatnam,Hyderabad,Hyderabad,599
Agartala,Patna,Imphal,3215
Agra,Patna,Imphal,2419
Ahmedabad,Imphal,Imphal,0
Allahabad,Patna,Imphal,1936
Amritsar,Delhi,Imphal,3006
Asansol,Patna,Imphal,1929
Bangalore,Imphal,Imphal,0
Baroda,Patna,Imphal,3116
Bhopal,Patna,Imphal,2550
Bhubaneshwar,Imphal,Imphal,0
Bombay,Imphal,Imphal,0
Calcutta,Imphal,Imphal,0
Calicut,Calcutta,Imphal,3267
Chandigarh,Imphal,Imphal,0
Cochin,Imphal,Imphal,0
Coimbatore,Calcutta,Imphal,3303
Delhi,Imphal,Imphal,0
Gwalior,Patna,Imphal,2343
Hubli,Calcutta,Imphal,2881
Hyderabad,Imphal,Imphal,0
Indore,Imphal,Imphal,0
Jabalpur,Patna,Imphal,2270
Jaipur,Imphal,Imphal,0
Jamshedpur,Calcutta,Imphal,1985
Jullundur,Delhi,Imphal,2936
Kanpur,Imphal,Imphal,0
Kolhapur,Pune,Imphal,3542
Lucknow,Imphal,Imphal,0
Ludhiana,Delhi,Imphal,2871
Madras,Imphal,Imphal,0
Madurai,Bangalore,Imphal,3563
Meerut,Patna,Imphal,2468
Nagpur,Imphal,Imphal,0
Nasik,Imphal,Imphal,0
Panjim,Imphal,Imphal,0
Patna,Imphal,Imphal,0
Pondicherry,Imphal,Imphal,0
Pune,Imphal,Imphal,0
Ranchi,Patna,Imphal,1836
Shillong,Patna,Imphal,2553
Shimla,Lucknow,Imphal,2759
Surat,Nagpur,Imphal,3276
Trivandrum,Panjim,Imphal,3483
Varanasi,Patna,Imphal,1814
Vijayawada,Bhubaneshwar,Imphal,2914
Vishakapatnam,Bhubaneshwar,Imphal,2584
Agartala,Patna,Indore,2886
Agra,Indore,Indore,591
Ahmedabad,Indore,Indore,0
Allahabad,Indore,Indore,803
Amritsar,Jaipur,Indore,1111
Asansol,Indore,Indore,1394
Bangalore,Indore,Indore,0
Baroda,Indore,Indore,379
Bhopal,Indore,Indore,191
Bhubaneshwar,Indore,Indore,0
Bombay,Indore,Indore,0
Calcutta,Indore,Indore,0
Calicut,Nasik,Indore,1607
Chandigarh,Indore,Indore,0
Cochin,Indore,Indore,0
Coimbatore,Nasik,Indore,1628
Delhi,Indore,Indore,0
Gwalior,Indore,Indore,497
Hubli,Indore,Indore,1060
Hyderabad,Indore,Indore,0
Imphal,Patna,Indore,2739
Jabalpur,Nagpur,Indore,702
Jaipur,Indore,Indore,0
Jamshedpur,Indore,Indore,1477
Jullundur,Delhi,Indore,1043
Kanpur,Indore,Indore,0
Kolhapur,Indore,Indore,870
Lucknow,Indore,Indore,0
Ludhiana,Jaipur,Indore,975
Madras,Indore,Indore,0
Madurai,Pune,Indore,1861
Meerut,Jaipur,Indore,732
Nagpur,Indore,Indore,0
Nasik,Indore,Indore,0
Panjim,Indore,Indore,0
Patna,Indore,Indore,0
Pondicherry,Indore,Indore,0
Pune,Indore,Indore,0
Ranchi,Indore,Indore,1333
Shillong,Patna,Indore,2224
Shimla,Chandigarh,Indore,1011
Surat,Indore,Indore,607
Trivandrum,Panjim,Indore,1907
Varanasi,Indore,Indore,925
Vijayawada,Nagpur,Indore,1187
Vishakapatnam,Nagpur,Indore,1355
Agartala,Patna,Jabalpur,2417
Agra,Kanpur,Jabalpur,833
Ahmedabad,Jabalpur,Jabalpur,0
Allahabad,Kanpur,Jabalpur,736
Amritsar,Delhi,Jabalpur,1245
Asansol,Patna,Jabalpur,1131
Bangalore,Jabalpur,Jabalpur,0
Baroda,Ahmedabad,Jabalpur,1020
Bhopal,Nagpur,Jabalpur,609
Bhubaneshwar,Jabalpur,Jabalpur,0
Bombay,Jabalpur,Jabalpur,0
Calcutta,Jabalpur,Jabalpur,0
Calicut,Hyderabad,Jabalpur,1643
Chandigarh,Jabalpur,Jabalpur,0
Cochin,Jabalpur,Jabalpur,0
Coimbatore,Hyderabad,Jabalpur,1629
Delhi,Jabalpur,Jabalpur,0
Gwalior,Kanpur,Jabalpur,823
Hubli,Hyderabad,Jabalpur,1219
Hyderabad,Jabalpur,Jabalpur,0
Imphal,Patna,Jabalpur,2270
Indore,Jabalpur,Jabalpur,0
Jaipur,Jabalpur,Jabalpur,0
Jamshedpur,Patna,Jabalpur,1209
Jullundur,Delhi,Jabalpur,1175
Kanpur,Jabalpur,Jabalpur,0
Kolhapur,Pune,Jabalpur,1250
Lucknow,Jabalpur,Jabalpur,0
Ludhiana,Delhi,Jabalpur,1110
Madras,Jabalpur,Jabalpur,0
Madurai,Bangalore,Jabalpur,1728
Meerut,Delhi,Jabalpur,866
Nagpur,Jabalpur,Jabalpur,0
Nasik,Jabalpur,Jabalpur,0
Panjim,Jabalpur,Jabalpur,0
Patna,Jabalpur,Jabalpur,0
Pondicherry,Jabalpur,Jabalpur,0
Pune,Jabalpur,Jabalpur,0
Ranchi,Patna,Jabalpur,1038
Shillong,Patna,Jabalpur,1755
Shimla,Chandigarh,Jabalpur,1145
Surat,Nagpur,Jabalpur,1006
Trivandrum,Panjim,Jabalpur,1880
Varanasi,Kanpur,Jabalpur,858
Vijayawada,Nagpur,Jabalpur,999
Vishakapatnam,Nagpur,Jabalpur,1167
Agartala,Patna,Jaipur,2794
Agra,Jaipur,Jaipur,230
Ahmedabad,Jaipur,Jaipur,0
Allahabad,Kanpur,Jaipur,710
Amritsar,Jaipur,Jaipur,706
Asansol,Jaipur,Jaipur,1304
Bangalore,Jaipur,Jaipur,0
Baroda,Ahmedabad,Jaipur,767
Bhopal,Jaipur,Jaipur,596
Bhubaneshwar,Jaipur,Jaipur,0
Bombay,Jaipur,Jaipur,0
Calcutta,Jaipur,Jaipur,0
Calicut,Indore,Jaipur,2012
Chandigarh,Jaipur,Jaipur,0
Cochin,Jaipur,Jaipur,0
Coimbatore,Indore,Jaipur,2033
Delhi,Jaipur,Jaipur,0
Gwalior,Jaipur,Jaipur,351
Hubli,Jaipur,Jaipur,1060
Hyderabad,Jaipur,Jaipur,0
Imphal,Patna,Jaipur,2646
Indore,Jaipur,Jaipur,0
Jabalpur,Jaipur,Jaipur,845
Jamshedpur,Kanpur,Jaipur,1384
Jullundur,Delhi,Jaipur,638
Kanpur,Jaipur,Jaipur,0
Kolhapur,Indore,Jaipur,1275
Lucknow,Jaipur,Jaipur,0
Ludhiana,Jaipur,Jaipur,570
Madras,Jaipur,Jaipur,0
Madurai,Bangalore,Jaipur,2286
Meerut,Jaipur,Jaipur,327
Nagpur,Jaipur,Jaipur,0
Nasik,Jaipur,Jaipur,0
Panjim,Jaipur,Jaipur,0
Patna,Jaipur,Jaipur,0
Pondicherry,Jaipur,Jaipur,0
Pune,Jaipur,Jaipur,0
Ranchi,Kanpur,Jaipur,1240
Shillong,Patna,Jaipur,2131
Shimla,Chandigarh,Jaipur,606
Surat,Ahmedabad,Jaipur,911
Trivandrum,Delhi,Jaipur,2213
Varanasi,Kanpur,Jaipur,832
Vijayawada,Nagpur,Jaipur,1592
Vishakapatnam,Nagpur,Jaipur,1760
Agartala,Calcutta,Jamshedpur,2131
Agra,Kanpur,Jamshedpur,1157
Ahmedabad,Jamshedpur,Jamshedpur,0
Allahabad,Patna,Jamshedpur,875
Amritsar,Kanpur,Jamshedpur,1767
Asansol,Calcutta,Jamshedpur,494
Bangalore,Jamshedpur,Jamshedpur,0
Baroda,Ahmedabad,Jamshedpur,1344
Bhopal,Kanpur,Jamshedpur,1452
Bhubaneshwar,Jamshedpur,Jamshedpur,0
Bombay,Jamshedpur,Jamshedpur,0
Calcutta,Jamshedpur,Jamshedpur,0
Calicut,Calcutta,Jamshedpur,1818
Chandigarh,Jamshedpur,Jamshedpur,0
Cochin,Jamshedpur,Jamshedpur,0
Coimbatore,Calcutta,Jamshedpur,1854
Delhi,Jamshedpur,Jamshedpur,0
Gwalior,Kanpur,Jamshedpur,1147
Hubli,Calcutta,Jamshedpur,1432
Hyderabad,Jamshedpur,Jamshedpur,0
Imphal,Calcutta,Jamshedpur,1985
Indore,Jamshedpur,Jamshedpur,0
Jabalpur,Patna,Jamshedpur,1209
Jaipur,Jamshedpur,Jamshedpur,0
Jullundur,Chandigarh,Jamshedpur,1682
Kanpur,Jamshedpur,Jamshedpur,0
Kolhapur,Bhubaneshwar,Jamshedpur,2044
Lucknow,Jamshedpur,Jamshedpur,0
Ludhiana,Chandigarh,Jamshedpur,1633
Madras,Jamshedpur,Jamshedpur,0
Madurai,Bhubaneshwar,Jamshedpur,2109
Meerut,Lucknow,Jamshedpur,1399
Nagpur,Jamshedpur,Jamshedpur,0
Nasik,Jamshedpur,Jamshedpur,0
Panjim,Jamshedpur,Jamshedpur,0
Patna,Jamshedpur,Jamshedpur,0
Pondicherry,Jamshedpur,Jamshedpur,0
Pune,Jamshedpur,Jamshedpur,0
Ranchi,Calcutta,Jamshedpur,682
Shillong,Patna,Jamshedpur,1492
Shimla,Lucknow,Jamshedpur,1605
Surat,Ahmedabad,Jamshedpur,1488
Trivandrum,Panjim,Jamshedpur,2034
Varanasi,Patna,Jamshedpur,753
Vijayawada,Bhubaneshwar,Jamshedpur,1197
Vishakapatnam,Bhubaneshwar,Jamshedpur,867
Agartala,Delhi,Jullundur,3083
Agra,Delhi,Jullundur,575
Ahmedabad,Jullundur,Jullundur,0
Allahabad,Chandigarh,Jullundur,1008
Amritsar,Chandigarh,Jullundur,393
Asansol,Chandigarh,Jullundur,1604
Bangalore,Jullundur,Jullundur,0
Baroda,Chandigarh,Jullundur,1335
Bhopal,Delhi,Jullundur,1117
Bhubaneshwar,Jullundur,Jullundur,0
Bombay,Jullundur,Jullundur,0
Calcutta,Jullundur,Jullundur,0
Calicut,Chandigarh,Jullundur,2341
Chandigarh,Jullundur,Jullundur,0
Cochin,Jullundur,Jullundur,0
Coimbatore,Chandigarh,Jullundur,2314
Delhi,Jullundur,Jullundur,0
Gwalior,Chandigarh,Jullundur,616
Hubli,Delhi,Jullundur,1698
Hyderabad,Jullundur,Jullundur,0
Imphal,Delhi,Jullundur,2936
Indore,Jullundur,Jullundur,0
Jabalpur,Delhi,Jullundur,1175
Jaipur,Jullundur,Jullundur,0
Jamshedpur,Chandigarh,Jullundur,1682
Kanpur,Jullundur,Jullundur,0
Kolhapur,Indore,Jullundur,1913
Lucknow,Jullundur,Jullundur,0
Ludhiana,Chandigarh,Jullundur,259
Madras,Jullundur,Jullundur,0
Madurai,Cochin,Jullundur,2445
Meerut,Delhi,Jullundur,441
Nagpur,Jullundur,Jullundur,0
Nasik,Jullundur,Jullundur,0
Panjim,Jullundur,Jullundur,0
Patna,Jullundur,Jullundur,0
Pondicherry,Jullundur,Jullundur,0
Pune,Jullundur,Jullundur,0
Ranchi,Kanpur,Jullundur,1538
Shillong,Patna,Jullundur,2429
Shimla,Chandigarh,Jullundur,253
Surat,Chandigarh,Jullundur,1479
Trivandrum,Delhi,Jullundur,2325
Varanasi,Delhi,Jullundur,1120
Vijayawada,Hyderabad,Jullundur,2017
Vishakapatnam,Delhi,Jullundur,2256
Agartala,Patna,Kanpur,2277
Agra,Kanpur,Kanpur,290
Ahmedabad,Kanpur,Kanpur,0
Allahabad,Kanpur,Kanpur,193
Amritsar,Chandigarh,Kanpur,900
Asansol,Kanpur,Kanpur,789
Bangalore,Kanpur,Kanpur,0
Baroda,Indore,Kanpur,1068
Bhopal,Kanpur,Kanpur,585
Bhubaneshwar,Kanpur,Kanpur,0
Bombay,Kanpur,Kanpur,0
Calcutta,Kanpur,Kanpur,0
Calicut,Hyderabad,Kanpur,1836
Chandigarh,Kanpur,Kanpur,0
Cochin,Kanpur,Kanpur,0
Coimbatore,Hyderabad,Kanpur,1680
Delhi,Kanpur,Kanpur,0
Gwalior,Kanpur,Kanpur,280
Hubli,Jaipur,Kanpur,1577
Hyderabad,Kanpur,Kanpur,0
Imphal,Patna,Kanpur,2129
Indore,Kanpur,Kanpur,0
Jabalpur,Kanpur,Kanpur,543
Jaipur,Kanpur,Kanpur,0
Jamshedpur,Kanpur,Kanpur,867
Jullundur,Chandigarh,Kanpur,815
Kolhapur,Indore,Kanpur,1559
Lucknow,Kanpur,Kanpur,0
Ludhiana,Chandigarh,Kanpur,766
Madras,Kanpur,Kanpur,0
Madurai,Bangalore,Kanpur,2030
Meerut,Lucknow,Kanpur,532
Nagpur,Kanpur,Kanpur,0
Nasik,Kanpur,Kanpur,0
Panjim,Kanpur,Kanpur,0
Patna,Kanpur,Kanpur,0
Pondicherry,Kanpur,Kanpur,0
Pune,Kanpur,Kanpur,0
Ranchi,Kanpur,Kanpur,723
Shillong,Patna,Kanpur,1614
Shimla,Lucknow,Kanpur,738
Surat,Indore,Kanpur,1296
Trivandrum,Cochin,Kanpur,2018
Varanasi,Kanpur,Kanpur,315
Vijayawada,Kanpur,Kanpur,1519
Vishakapatnam,Kanpur,Kanpur,1687
Agartala,Pune,Kolhapur,3091
Agra,Indore,Kolhapur,1461
Ahmedabad,Kolhapur,Kolhapur,0
Allahabad,Nasik,Kolhapur,1611
Amritsar,Indore,Kolhapur,1981
Asansol,Bhubaneshwar,Kolhapur,1454
Bangalore,Kolhapur,Kolhapur,0
Baroda,Pune,Kolhapur,792
Bhopal,Indore,Kolhapur,1061
Bhubaneshwar,Kolhapur,Kolhapur,0
Bombay,Kolhapur,Kolhapur,0
Calcutta,Kolhapur,Kolhapur,0
Calicut,Panjim,Kolhapur,830
Chandigarh,Kolhapur,Kolhapur,0
Cochin,Kolhapur,Kolhapur,0
Coimbatore,Bangalore,Kolhapur,817
Delhi,Kolhapur,Kolhapur,0
Gwalior,Nasik,Kolhapur,1347
Hubli,Panjim,Kolhapur,444
Hyderabad,Kolhapur,Kolhapur,0
Imphal,Pune,Kolhapur,2945
Indore,Kolhapur,Kolhapur,0
Jabalpur,Pune,Kolhapur,1250
Jaipur,Kolhapur,Kolhapur,0
Jamshedpur,Bhubaneshwar,Kolhapur,1496
Jullundur,Indore,Kolhapur,1913
Kanpur,Kolhapur,Kolhapur,0
Lucknow,Kolhapur,Kolhapur,0
Ludhiana,Jaipur,Kolhapur,1845
Madras,Kolhapur,Kolhapur,0
Madurai,Bangalore,Kolhapur,916
Meerut,Jaipur,Kolhapur,1602
Nagpur,Kolhapur,Kolhapur,0
Nasik,Kolhapur,Kolhapur,0
Panjim,Kolhapur,Kolhapur,0
Patna,Kolhapur,Kolhapur,0
Pondicherry,Kolhapur,Kolhapur,0
Pune,Kolhapur,Kolhapur,0
Ranchi,Calcutta,Kolhapur,1642
Shillong,Hyderabad,Kolhapur,1887
Shimla,Chandigarh,Kolhapur,1881
Surat,Pune,Kolhapur,659
Trivandrum,Panjim,Kolhapur,1046
Varanasi,Pune,Kolhapur,1706
Vijayawada,Hyderabad,Kolhapur,847
Vishakapatnam,Hyderabad,Kolhapur,1177
Agartala,Patna,Lucknow,2247
Agra,Lucknow,Lucknow,369
Ahmedabad,Lucknow,Lucknow,0
Allahabad,Lucknow,Lucknow,234
Amritsar,Lucknow,Lucknow,939
Asansol,Lucknow,Lucknow,825
Bangalore,Lucknow,Lucknow,0
Baroda,Indore,Lucknow,1147
Bhopal,Lucknow,Lucknow,664
Bhubaneshwar,Lucknow,Lucknow,0
Bombay,Lucknow,Lucknow,0
Calcutta,Lucknow,Lucknow,0
Calicut,Hyderabad,Lucknow,1877
Chandigarh,Lucknow,Lucknow,0
Cochin,Lucknow,Lucknow,0
Coimbatore,Hyderabad,Lucknow,1721
Delhi,Lucknow,Lucknow,0
Gwalior,Lucknow,Lucknow,359
Hubli,Kanpur,Lucknow,1656
Hyderabad,Lucknow,Lucknow,0
Imphal,Patna,Lucknow,2100
Indore,Lucknow,Lucknow,0
Jabalpur,Lucknow,Lucknow,584
Jaipur,Lucknow,Lucknow,0
Jamshedpur,Kanpur,Lucknow,946
Jullundur,Lucknow,Lucknow,868
Kanpur,Lucknow,Lucknow,0
Kolhapur,Indore,Lucknow,1638
Ludhiana,Lucknow,Lucknow,803
Madras,Lucknow,Lucknow,0
Madurai,Bangalore,Lucknow,2071
Meerut,Lucknow,Lucknow,453
Nagpur,Lucknow,Lucknow,0
Nasik,Lucknow,Lucknow,0
Panjim,Lucknow,Lucknow,0
Patna,Lucknow,Lucknow,0
Pondicherry,Lucknow,Lucknow,0
Pune,Lucknow,Lucknow,0
Ranchi,Kanpur,Lucknow,802
Shillong,Patna,Lucknow,1585
Shimla,Lucknow,Lucknow,659
Surat,Indore,Lucknow,1375
Trivandrum,Cochin,Lucknow,2059
Varanasi,Lucknow,Lucknow,286
Vijayawada,Hyderabad,Lucknow,1587
Vishakapatnam,Bhubaneshwar,Lucknow,1699
Agartala,Delhi,Ludhiana,3018
Agra,Delhi,Ludhiana,510
Ahmedabad,Ludhiana,Ludhiana,0
Allahabad,Chandigarh,Ludhiana,959
Amritsar,Chandigarh,Ludhiana,344
Asansol,Chandigarh,Ludhiana,1555
Bangalore,Ludhiana,Ludhiana,0
Baroda,Chandigarh,Ludhiana,1286
Bhopal,Delhi,Ludhiana,1052
Bhubaneshwar,Ludhiana,Ludhiana,0
Bombay,Ludhiana,Ludhiana,0
Calcutta,Ludhiana,Ludhiana,0
Calicut,Chandigarh,Ludhiana,2292
Chandigarh,Ludhiana,Ludhiana,0
Cochin,Ludhiana,Ludhiana,0
Coimbatore,Chandigarh,Ludhiana,2265
Delhi,Ludhiana,Ludhiana,0
Gwalior,Chandigarh,Ludhiana,567
Hubli,Jaipur,Ludhiana,1630
Hyderabad,Ludhiana,Ludhiana,0
Imphal,Delhi,Ludhiana,2871
Indore,Ludhiana,Ludhiana,0
Jabalpur,Delhi,Ludhiana,1110
Jaipur,Ludhiana,Ludhiana,0
Jamshedpur,Chandigarh,Ludhiana,1633
Jullundur,Chandigarh,Ludhiana,259
Kanpur,Ludhiana,Ludhiana,0
Kolhapur,Jaipur,Ludhiana,1845
Lucknow,Ludhiana,Ludhiana,0
Madras,Ludhiana,Ludhiana,0
Madurai,Cochin,Ludhiana,2396
Meerut,Delhi,Ludhiana,376
Nagpur,Ludhiana,Ludhiana,0
Nasik,Ludhiana,Ludhiana,0
Panjim,Ludhiana,Ludhiana,0
Patna,Ludhiana,Ludhiana,0
Pondicherry,Ludhiana,Ludhiana,0
Pune,Ludhiana,Ludhiana,0
Ranchi,Kanpur,Ludhiana,1489
Shillong,Patna,Ludhiana,2380
Shimla,Chandigarh,Ludhiana,204
Surat,Chandigarh,Ludhiana,1430
Trivandrum,Delhi,Ludhiana,2260
Varanasi,Delhi,Ludhiana,1055
Vijayawada,Hyderabad,Ludhiana,1968
Vishakapatnam,Nagpur,Ludhiana,2190
Agartala,Madras,Madras,3493
Agra,Hyderabad,Madras,1945
Ahmedabad,Madras,Madras,0
Allahabad,Pondicherry,Madras,1245
Amritsar,Hyderabad,Madras,2338
Asansol,Bhubaneshwar,Madras,1730
Bangalore,Madras,Madras,0
Baroda,Bangalore,Madras,1702
Bhopal,Bangalore,Madras,1479
Bhubaneshwar,Madras,Madras,0
Bombay,Madras,Madras,0
Calcutta,Madras,Madras,0
Calicut,Madras,Madras,715
Chandigarh,Madras,Madras,0
Cochin,Madras,Madras,0
Coimbatore,Madras,Madras,426
Delhi,Madras,Madras,0
Gwalior,Hyderabad,Madras,1718
Hubli,Madras,Madras,683
Hyderabad,Madras,Madras,0
Imphal,Madras,Madras,2877
Indore,Madras,Madras,0
Jabalpur,Hyderabad,Madras,1432
Jaipur,Madras,Madras,0
Jamshedpur,Madras,Madras,1428
Jullundur,Hyderabad,Madras,2253
Kanpur,Madras,Madras,0
Kolhapur,Bangalore,Madras,815
Lucknow,Madras,Madras,0
Ludhiana,Hyderabad,Madras,2204
Madurai,Madras,Madras,480
Meerut,Lucknow,Madras,1932
Nagpur,Madras,Madras,0
Nasik,Madras,Madras,0
Panjim,Madras,Madras,0
Patna,Madras,Madras,0
Pondicherry,Madras,Madras,0
Pune,Madras,Madras,0
Ranchi,Calcutta,Madras,1574
Shillong,Hyderabad,Madras,2008
Shimla,Lucknow,Madras,2138
Surat,Pune,Madras,1569
Trivandrum,Madras,Madras,748
Varanasi,Kanpur,Madras,1753
Vijayawada,Madras,Madras,432
Vishakapatnam,Madras,Madras,762
Agartala,Bhubaneshwar,Madurai,3709
Agra,Bangalore,Madurai,2241
Ahmedabad,Madurai,Madurai,0
Allahabad,Pondicherry,Madurai,1410
Amritsar,Cochin,Madurai,2503
Asansol,Bhubaneshwar,Madurai,2072
Bangalore,Madurai,Madurai,0
Baroda,Pune,Madurai,1783
Bhopal,Bangalore,Madurai,1580
Bhubaneshwar,Madurai,Madurai,0
Bombay,Madurai,Madurai,0
Calcutta,Madurai,Madurai,0
Calicut,Cochin,Madurai,548
Chandigarh,Madurai,Madurai,0
Cochin,Madurai,Madurai,0
Coimbatore,Cochin,Madurai,521
Delhi,Madurai,Madurai,0
Gwalior,Bangalore,Madurai,1883
Hubli,Bangalore,Madurai,823
Hyderabad,Madurai,Madurai,0
Imphal,Bangalore,Madurai,3346
Indore,Madurai,Madurai,0
Jabalpur,Bangalore,Madurai,1728
Jaipur,Madurai,Madurai,0
Jamshedpur,Bhubaneshwar,Madurai,1908
Jullundur,Cochin,Madurai,2418
Kanpur,Madurai,Madurai,0
Kolhapur,Bangalore,Madurai,916
Lucknow,Madurai,Madurai,0
Ludhiana,Cochin,Madurai,2369
Madras,Madurai,Madurai,0
Meerut,Lucknow,Madurai,2097
Nagpur,Madurai,Madurai,0
Nasik,Madurai,Madurai,0
Panjim,Madurai,Madurai,0
Patna,Madurai,Madurai,0
Pondicherry,Madurai,Madurai,0
Pune,Madurai,Madurai,0
Ranchi,Calcutta,Madurai,2054
Shillong,Hyderabad,Madurai,2304
Shimla,Lucknow,Madurai,2303
Surat,Pune,Madurai,1650
Trivandrum,Cochin,Madurai,544
Varanasi,Kanpur,Madurai,1918
Vijayawada,Madras,Madurai,912
Vishakapatnam,Madras,Madurai,1242
Agartala,Patna,Meerut,2615
Agra,Delhi,Meerut,266
Ahmedabad,Meerut,Meerut,0
Allahabad,Lucknow,Meerut,687
Amritsar,Delhi,Meerut,511
Asansol,Lucknow,Meerut,1278
Bangalore,Meerut,Meerut,0
Baroda,Jaipur,Meerut,1094
Bhopal,Delhi,Meerut,808
Bhubaneshwar,Meerut,Meerut,0
Bombay,Meerut,Meerut,0
Calcutta,Meerut,Meerut,0
Calicut,Jaipur,Meerut,2330
Chandigarh,Meerut,Meerut,0
Cochin,Meerut,Meerut,0
Coimbatore,Jaipur,Meerut,2174
Delhi,Meerut,Meerut,0
Gwalior,Delhi,Meerut,381
Hubli,Jaipur,Meerut,1387
Hyderabad,Meerut,Meerut,0
Imphal,Patna,Meerut,2468
Indore,Meerut,Meerut,0
Jabalpur,Delhi,Meerut,866
Jaipur,Meerut,Meerut,0
Jamshedpur,Lucknow,Meerut,1399
Jullundur,Delhi,Meerut,441
Kanpur,Meerut,Meerut,0
Kolhapur,Jaipur,Meerut,1602
Lucknow,Meerut,Meerut,0
Ludhiana,Delhi,Meerut,376
Madras,Meerut,Meerut,0
Madurai,Lucknow,Meerut,2097
Nagpur,Meerut,Meerut,0
Nasik,Meerut,Meerut,0
Panjim,Meerut,Meerut,0
Patna,Meerut,Meerut,0
Pondicherry,Meerut,Meerut,0
Pune,Meerut,Meerut,0
Ranchi,Patna,Meerut,1236
Shillong,Patna,Meerut,1953
Shimla,Chandigarh,Meerut,413
Surat,Ahmedabad,Meerut,1238
Trivandrum,Delhi,Meerut,2016
Varanasi,Lucknow,Meerut,739
Vijayawada,Nagpur,Meerut,1736
Vishakapatnam,Nagpur,Meerut,1904
Agartala,Patna,Nagpur,2674
Agra,Nagpur,Nagpur,770
Ahmedabad,Nagpur,Nagpur,0
Allahabad,Nagpur,Nagpur,608
Amritsar,Nagpur,Nagpur,1415
Asansol,Nagpur,Nagpur,1122
Bangalore,Nagpur,Nagpur,0
Baroda,Nagpur,Nagpur,774
Bhopal,Nagpur,Nagpur,352
Bhubaneshwar,Nagpur,Nagpur,0
Bombay,Nagpur,Nagpur,0
Calcutta,Nagpur,Nagpur,0
Calicut,Hyderabad,Nagpur,1386
Chandigarh,Nagpur,Nagpur,0
Cochin,Nagpur,Nagpur,0
Coimbatore,Hyderabad,Nagpur,1372
Delhi,Nagpur,Nagpur,0
Gwalior,Nagpur,Nagpur,656
Hubli,Hyderabad,Nagpur,962
Hyderabad,Nagpur,Nagpur,0
Imphal,Patna,Nagpur,2527
Indore,Nagpur,Nagpur,0
Jabalpur,Nagpur,Nagpur,257
Jaipur,Nagpur,Nagpur,0
Jamshedpur,Nagpur,Nagpur,1102
Jullundur,Delhi,Nagpur,1272
Kanpur,Nagpur,Nagpur,0
Kolhapur,Nagpur,Nagpur,1050
Lucknow,Nagpur,Nagpur,0
Ludhiana,Nagpur,Nagpur,1223
Madras,Nagpur,Nagpur,0
Madurai,Hyderabad,Nagpur,1471
Meerut,Nagpur,Nagpur,994
Nasik,Nagpur,Nagpur,0
Panjim,Nagpur,Nagpur,0
Patna,Nagpur,Nagpur,0
Pondicherry,Nagpur,Nagpur,0
Pune,Nagpur,Nagpur,0
Ranchi,Nagpur,Nagpur,958
Shillong,Hyderabad,Nagpur,1785
Shimla,Chandigarh,Nagpur,1316
Surat,Nagpur,Nagpur,749
Trivandrum,Bangalore,Nagpur,1735
Varanasi,Nagpur,Nagpur,713
Vijayawada,Nagpur,Nagpur,742
Vishakapatnam,Nagpur,Nagpur,910
Agartala,Indore,Nasik,3300
Agra,Nasik,Nasik,1005
Ahmedabad,Nasik,Nasik,0
Allahabad,Nasik,Nasik,1155
Amritsar,Indore,Nasik,1525
Asansol,Nasik,Nasik,1746
Bangalore,Nasik,Nasik,0
Baroda,Nasik,Nasik,457
Bhopal,Nasik,Nasik,605
Bhubaneshwar,Nasik,Nasik,0
Bombay,Nasik,Nasik,0
Calcutta,Nasik,Nasik,0
Calicut,Nasik,Nasik,1193
Chandigarh,Nasik,Nasik,0
Cochin,Nasik,Nasik,0
Coimbatore,Nasik,Nasik,1214
Delhi,Nasik,Nasik,0
Gwalior,Nasik,Nasik,891
Hubli,Nasik,Nasik,646
Hyderabad,Nasik,Nasik,0
Imphal,Indore,Nasik,3091
Indore,Nasik,Nasik,0
Jabalpur,Nasik,Nasik,943
Jaipur,Nasik,Nasik,0
Jamshedpur,Ahmedabad,Nasik,1729
Jullundur,Indore,Nasik,1457
Kanpur,Nasik,Nasik,0
Kolhapur,Nasik,Nasik,456
Lucknow,Nasik,Nasik,0
Ludhiana,Indore,Nasik,1389
Madras,Nasik,Nasik,0
Madurai,Pune,Nasik,1372
Meerut,Indore,Nasik,1146
Nagpur,Nasik,Nasik,0
Panjim,Nasik,Nasik,0
Patna,Nasik,Nasik,0
Pondicherry,Nasik,Nasik,0
Pune,Nasik,Nasik,0
Ranchi,Nasik,Nasik,1615
Shillong,Hyderabad,Nasik,2063
Shimla,Chandigarh,Nasik,1425
Surat,Nasik,Nasik,262
Trivandrum,Panjim,Nasik,1493
Varanasi,Indore,Nasik,1339
Vijayawada,Hyderabad,Nasik,1023
Vishakapatnam,Hyderabad,Nasik,1353
Agartala,Calcutta,Panjim,2837
Agra,Indore,Panjim,1706
Ahmedabad,Panjim,Panjim,0
Allahabad,Panjim,Panjim,1419
Amritsar,Indore,Panjim,2226
Asansol,Calcutta,Panjim,1200
Bangalore,Panjim,Panjim,0
Baroda,Bombay,Panjim,1017
Bhopal,Panjim,Panjim,1143
Bhubaneshwar,Panjim,Panjim,0
Bombay,Panjim,Panjim,0
Calcutta,Panjim,Panjim,0
Calicut,Panjim,Panjim,576
Chandigarh,Panjim,Panjim,0
Cochin,Panjim,Panjim,0
Coimbatore,Bangalore,Panjim,773
Delhi,Panjim,Panjim,0
Gwalior,Panjim,Panjim,1467
Hubli,Panjim,Panjim,190
Hyderabad,Panjim,Panjim,0
Imphal,Calcutta,Panjim,2691
Indore,Panjim,Panjim,0
Jabalpur,Panjim,Panjim,1088
Jaipur,Panjim,Panjim,0
Jamshedpur,Calcutta,Panjim,1242
Jullundur,Panjim,Panjim,1888
Kanpur,Panjim,Panjim,0
Kolhapur,Panjim,Panjim,254
Lucknow,Panjim,Panjim,0
Ludhiana,Indore,Panjim,1820
Madras,Panjim,Panjim,0
Madurai,Panjim,Panjim,872
Meerut,Panjim,Panjim,1577
Nagpur,Panjim,Panjim,0
Nasik,Panjim,Panjim,0
Patna,Panjim,Panjim,0
Pondicherry,Panjim,Panjim,0
Pune,Panjim,Panjim,0
Ranchi,Calcutta,Panjim,1388
Shillong,Hyderabad,Panjim,1985
Shimla,Jaipur,Panjim,1886
Surat,Bombay,Panjim,885
Trivandrum,Panjim,Panjim,792
Varanasi,Panjim,Panjim,1524
Vijayawada,Panjim,Panjim,876
Vishakapatnam,Panjim,Panjim,1206
Agartala,Patna,Patna,1681
Agra,Patna,Patna,885
Ahmedabad,Patna,Patna,0
Allahabad,Patna,Patna,402
Amritsar,Kanpur,Patna,1495
Asansol,Patna,Patna,395
Bangalore,Patna,Patna,0
Baroda,Patna,Patna,1582
Bhopal,Patna,Patna,1016
Bhubaneshwar,Patna,Patna,0
Bombay,Patna,Patna,0
Calcutta,Patna,Patna,0
Calicut,Calcutta,Patna,2045
Chandigarh,Patna,Patna,0
Cochin,Patna,Patna,0
Coimbatore,Calcutta,Patna,1889
Delhi,Patna,Patna,0
Gwalior,Patna,Patna,809
Hubli,Calcutta,Patna,1785
Hyderabad,Patna,Patna,0
Imphal,Patna,Patna,1534
Indore,Patna,Patna,0
Jabalpur,Patna,Patna,736
Jaipur,Patna,Patna,0
Jamshedpur,Patna,Patna,473
Jullundur,Kanpur,Patna,1410
Kanpur,Patna,Patna,0
Kolhapur,Calcutta,Patna,1849
Lucknow,Patna,Patna,0
Ludhiana,Kanpur,Patna,1361
Madras,Patna,Patna,0
Madurai,Kanpur,Patna,1812
Meerut,Patna,Patna,934
Nagpur,Patna,Patna,0
Nasik,Patna,Patna,0
Panjim,Patna,Patna,0
Pondicherry,Patna,Patna,0
Pune,Patna,Patna,0
Ranchi,Patna,Patna,302
Shillong,Patna,Patna,1019
Shimla,Lucknow,Patna,1225
Surat,Nagpur,Patna,1742
Trivandrum,Cochin,Patna,2227
Varanasi,Patna,Patna,280
Vijayawada,Bhubaneshwar,Patna,1637
Vishakapatnam,Bhubaneshwar,Patna,1307
Agartala,Panjim,Pondicherry,3576
Agra,Hyderabad,Pondicherry,2113
Ahmedabad,Pondicherry,Pondicherry,0
Allahabad,Pondicherry,Pondicherry,1077
Amritsar,Cochin,Pondicherry,2170
Asansol,Bhubaneshwar,Pondicherry,1874
Bangalore,Pondicherry,Pondicherry,0
Baroda,Bangalore,Pondicherry,1699
Bhopal,Bangalore,Pondicherry,1476
Bhubaneshwar,Pondicherry,Pondicherry,0
Bombay,Pondicherry,Pondicherry,0
Calcutta,Pondicherry,Pondicherry,0
Calicut,Pondicherry,Pondicherry,566
Chandigarh,Pondicherry,Pondicherry,0
Cochin,Pondicherry,Pondicherry,0
Coimbatore,Pondicherry,Pondicherry,410
Delhi,Pondicherry,Pondicherry,0
Gwalior,Hyderabad,Pondicherry,1550
Hubli,Pondicherry,Pondicherry,653
Hyderabad,Pondicherry,Pondicherry,0
Imphal,Panjim,Pondicherry,3013
Indore,Pondicherry,Pondicherry,0
Jabalpur,Hyderabad,Pondicherry,1598
Jaipur,Pondicherry,Pondicherry,0
Jamshedpur,Pondicherry,Pondicherry,1596
Jullundur,Hyderabad,Pondicherry,2085
Kanpur,Pondicherry,Pondicherry,0
Kolhapur,Bangalore,Pondicherry,812
Lucknow,Pondicherry,Pondicherry,0
Ludhiana,Hyderabad,Pondicherry,2036
Madras,Pondicherry,Pondicherry,0
Madurai,Pondicherry,Pondicherry,333
Meerut,Madras,Pondicherry,1764
Nagpur,Pondicherry,Pondicherry,0
Nasik,Pondicherry,Pondicherry,0
Panjim,Pondicherry,Pondicherry,0
Patna,Pondicherry,Pondicherry,0
Pune,Pondicherry,Pondicherry,0
Ranchi,Calcutta,Pondicherry,1742
Shillong,Hyderabad,Pondicherry,2174
Shimla,Lucknow,Pondicherry,1970
Surat,Nasik,Pondicherry,1530
Trivandrum,Pondicherry,Pondicherry,622
Varanasi,Kanpur,Pondicherry,1585
Vijayawada,Pondicherry,Pondicherry,598
Vishakapatnam,Madras,Pondicherry,930
Agartala,Panjim,Pune,3338
Agra,Pune,Pune,1214
Ahmedabad,Pune,Pune,0
Allahabad,Pune,Pune,1364
Amritsar,Indore,Pune,1734
Asansol,Panjim,Pune,1701
Bangalore,Pune,Pune,0
Baroda,Pune,Pune,545
Bhopal,Pune,Pune,814
Bhubaneshwar,Pune,Pune,0
Bombay,Pune,Pune,0
Calcutta,Pune,Pune,0
Calicut,Pune,Pune,984
Chandigarh,Pune,Pune,0
Cochin,Pune,Pune,0
Coimbatore,Pune,Pune,1005
Delhi,Pune,Pune,0
Gwalior,Pune,Pune,1100
Hubli,Pune,Pune,437
Hyderabad,Pune,Pune,0
Imphal,Panjim,Pune,3192
Indore,Pune,Pune,0
Jabalpur,Pune,Pune,1003
Jaipur,Pune,Pune,0
Jamshedpur,Panjim,Pune,1743
Jullundur,Indore,Pune,1666
Kanpur,Pune,Pune,0
Kolhapur,Pune,Pune,247
Lucknow,Pune,Pune,0
Ludhiana,Indore,Pune,1598
Madras,Pune,Pune,0
Madurai,Pune,Pune,1163
Meerut,Indore,Pune,1355
Nagpur,Pune,Pune,0
Nasik,Pune,Pune,0
Panjim,Pune,Pune,0
Patna,Pune,Pune,0
Pondicherry,Pune,Pune,0
Ranchi,Pune,Pune,1675
Shillong,Hyderabad,Pune,1854
Shimla,Chandigarh,Pune,1634
Surat,Pune,Pune,412
Trivandrum,Panjim,Pune,1293
Varanasi,Pune,Pune,1459
Vijayawada,Hyderabad,Pune,814
Vishakapatnam,Hyderabad,Pune,1144
Agartala,Patna,Ranchi,1983
Agra,Kanpur,Ranchi,1013
Ahmedabad,Ranchi,Ranchi,0
Allahabad,Patna,Ranchi,704
Amritsar,Kanpur,Ranchi,1623
Asansol,Calcutta,Ranchi,640
Bangalore,Ranchi,Ranchi,0
Baroda,Indore,Ranchi,1712
Bhopal,Kanpur,Ranchi,1308
Bhubaneshwar,Ranchi,Ranchi,0
Bombay,Ranchi,Ranchi,0
Calcutta,Ranchi,Ranchi,0
Calicut,Calcutta,Ranchi,1964
Chandigarh,Ranchi,Ranchi,0
Cochin,Ranchi,Ranchi,0
Coimbatore,Calcutta,Ranchi,2000
Delhi,Ranchi,Ranchi,0
Gwalior,Kanpur,Ranchi,1003
Hubli,Calcutta,Ranchi,1578
Hyderabad,Ranchi,Ranchi,0
Imphal,Patna,Ranchi,1836
Indore,Ranchi,Ranchi,0
Jabalpur,Patna,Ranchi,1038
Jaipur,Ranchi,Ranchi,0
Jamshedpur,Calcutta,Ranchi,682
Jullundur,Kanpur,Ranchi,1538
Kanpur,Ranchi,Ranchi,0
Kolhapur,Calcutta,Ranchi,1642
Lucknow,Ranchi,Ranchi,0
Ludhiana,Kanpur,Ranchi,1489
Madras,Ranchi,Ranchi,0
Madurai,Calcutta,Ranchi,2054
Meerut,Patna,Ranchi,1236
Nagpur,Ranchi,Ranchi,0
Nasik,Ranchi,Ranchi,0
Panjim,Ranchi,Ranchi,0
Patna,Ranchi,Ranchi,0
Pondicherry,Ranchi,Ranchi,0
Pune,Ranchi,Ranchi,0
Shillong,Patna,Ranchi,1321
Shimla,Lucknow,Ranchi,1461
Surat,Nagpur,Ranchi,1707
Trivandrum,Panjim,Ranchi,2180
Varanasi,Patna,Ranchi,582
Vijayawada,Bhubaneshwar,Ranchi,1335
Vishakapatnam,Bhubaneshwar,Ranchi,1005
Agartala,Patna,Shillong,2700
Agra,Patna,Shillong,1904
Ahmedabad,Shillong,Shillong,0
Allahabad,Patna,Shillong,1421
Amritsar,Patna,Shillong,2514
Asansol,Patna,Shillong,1414
Bangalore,Shillong,Shillong,0
Baroda,Hyderabad,Shillong,2399
Bhopal,Patna,Shillong,2035
Bhubaneshwar,Shillong,Shillong,0
Bombay,Shillong,Shillong,0
Calcutta,Shillong,Shillong,0
Calicut,Hyderabad,Shillong,2219
Chandigarh,Shillong,Shillong,0
Cochin,Shillong,Shillong,0
Coimbatore,Hyderabad,Shillong,2205
Delhi,Shillong,Shillong,0
Gwalior,Patna,Shillong,1828
Hubli,Hyderabad,Shillong,1795
Hyderabad,Shillong,Shillong,0
Imphal,Patna,Shillong,2553
Indore,Shillong,Shillong,0
Jabalpur,Patna,Shillong,1755
Jaipur,Shillong,Shillong,0
Jamshedpur,Patna,Shillong,1492
Jullundur,Patna,Shillong,2429
Kanpur,Shillong,Shillong,0
Kolhapur,Hyderabad,Shillong,1887
Lucknow,Shillong,Shillong,0
Ludhiana,Patna,Shillong,2380
Madras,Shillong,Shillong,0
Madurai,Hyderabad,Shillong,2304
Meerut,Patna,Shillong,1953
Nagpur,Shillong,Shillong,0
Nasik,Shillong,Shillong,0
Panjim,Shillong,Shillong,0
Patna,Shillong,Shillong,0
Pondicherry,Shillong,Shillong,0
Pune,Shillong,Shillong,0
Ranchi,Patna,Shillong,1321
Shimla,Lucknow,Shillong,2244
Surat,Pune,Shillong,2266
Trivandrum,Bangalore,Shillong,2568
Varanasi,Patna,Shillong,1299
Vijayawada,Hyderabad,Shillong,1578
Vishakapatnam,Hyderabad,Shillong,1908
Agartala,Lucknow,Shimla,2906
Agra,Chandigarh,Shimla,547
Ahmedabad,Shimla,Shimla,0
Allahabad,Lucknow,Shimla,893
Amritsar,Chandigarh,Shimla,338
Asansol,Lucknow,Shimla,1484
Bangalore,Shimla,Shimla,0
Baroda,Chandigarh,Shimla,1280
Bhopal,Chandigarh,Shimla,1087
Bhubaneshwar,Shimla,Shimla,0
Bombay,Shimla,Shimla,0
Calcutta,Shimla,Shimla,0
Calicut,Chandigarh,Shimla,2286
Chandigarh,Shimla,Shimla,0
Cochin,Shimla,Shimla,0
Coimbatore,Chandigarh,Shimla,2259
Delhi,Shimla,Shimla,0
Gwalior,Chandigarh,Shimla,561
Hubli,Chandigarh,Shimla,1666
Hyderabad,Shimla,Shimla,0
Imphal,Lucknow,Shimla,2759
Indore,Shimla,Shimla,0
Jabalpur,Chandigarh,Shimla,1145
Jaipur,Shimla,Shimla,0
Jamshedpur,Lucknow,Shimla,1605
Jullundur,Chandigarh,Shimla,253
Kanpur,Shimla,Shimla,0
Kolhapur,Chandigarh,Shimla,1881
Lucknow,Shimla,Shimla,0
Ludhiana,Chandigarh,Shimla,204
Madras,Shimla,Shimla,0
Madurai,Lucknow,Shimla,2303
Meerut,Chandigarh,Shimla,413
Nagpur,Shimla,Shimla,0
Nasik,Shimla,Shimla,0
Panjim,Shimla,Shimla,0
Patna,Shimla,Shimla,0
Pondicherry,Shimla,Shimla,0
Pune,Shimla,Shimla,0
Ranchi,Lucknow,Shimla,1461
Shillong,Lucknow,Shimla,2244
Surat,Chandigarh,Shimla,1424
Trivandrum,Cochin,Shimla,2282
Varanasi,Lucknow,Shimla,945
Vijayawada,Nagpur,Shimla,1959
Vishakapatnam,Nagpur,Shimla,2127
Agartala,Nagpur,Surat,3423
Agra,Ahmedabad,Surat,1141
Ahmedabad,Surat,Surat,0
Allahabad,Nagpur,Surat,1357
Amritsar,Chandigarh,Surat,1564
Asansol,Nagpur,Surat,1871
Bangalore,Surat,Surat,0
Baroda,Ahmedabad,Surat,382
Bhopal,Ahmedabad,Surat,786
Bhubaneshwar,Surat,Surat,0
Bombay,Surat,Surat,0
Calcutta,Surat,Surat,0
Calicut,Pune,Surat,1396
Chandigarh,Surat,Surat,0
Cochin,Surat,Surat,0
Coimbatore,Pune,Surat,1417
Delhi,Surat,Surat,0
Gwalior,Indore,Surat,1104
Hubli,Pune,Surat,849
Hyderabad,Surat,Surat,0
Imphal,Nagpur,Surat,3276
Indore,Surat,Surat,0
Jabalpur,Nagpur,Surat,1006
Jaipur,Surat,Surat,0
Jamshedpur,Ahmedabad,Surat,1488
Jullundur,Chandigarh,Surat,1479
Kanpur,Surat,Surat,0
Kolhapur,Pune,Surat,659
Lucknow,Surat,Surat,0
Ludhiana,Chandigarh,Surat,1430
Madras,Surat,Surat,0
Madurai,Pune,Surat,1575
Meerut,Ahmedabad,Surat,1238
Nagpur,Surat,Surat,0
Nasik,Surat,Surat,0
Panjim,Surat,Surat,0
Patna,Surat,Surat,0
Pondicherry,Surat,Surat,0
Pune,Surat,Surat,0
Ranchi,Nagpur,Surat,1707
Shillong,Pune,Surat,2266
Shimla,Chandigarh,Surat,1424
Trivandrum,Bombay,Surat,1677
Varanasi,Nagpur,Surat,1462
Vijayawada,Hyderabad,Surat,1226
Vishakapatnam,Hyderabad,Surat,1556
Agartala,Panjim,Trivandrum,3629
Agra,Delhi,Trivandrum,2150
Ahmedabad,Trivandrum,Trivandrum,0
Allahabad,Pondicherry,Trivandrum,1699
Amritsar,Delhi,Trivandrum,2395
Asansol,Panjim,Trivandrum,1992
Bangalore,Trivandrum,Trivandrum,0
Baroda,Bombay,Trivandrum,1809
Bhopal,Bangalore,Trivandrum,1844
Bhubaneshwar,Trivandrum,Trivandrum,0
Bombay,Trivandrum,Trivandrum,0
Calcutta,Trivandrum,Trivandrum,0
Calicut,Cochin,Trivandrum,440
Chandigarh,Trivandrum,Trivandrum,0
Cochin,Trivandrum,Trivandrum,0
Coimbatore,Cochin,Trivandrum,413
Delhi,Trivandrum,Trivandrum,0
Gwalior,Cochin,Trivandrum,2099
Hubli,Panjim,Trivandrum,982
Hyderabad,Trivandrum,Trivandrum,0
Imphal,Panjim,Trivandrum,3483
Indore,Trivandrum,Trivandrum,0
Jabalpur,Panjim,Trivandrum,1880
Jaipur,Trivandrum,Trivandrum,0
Jamshedpur,Panjim,Trivandrum,2034
Jullundur,Delhi,Trivandrum,2325
Kanpur,Trivandrum,Trivandrum,0
Kolhapur,Panjim,Trivandrum,1046
Lucknow,Trivandrum,Trivandrum,0
Ludhiana,Delhi,Trivandrum,2260
Madras,Trivandrum,Trivandrum,0
Madurai,Cochin,Trivandrum,544
Meerut,Delhi,Trivandrum,2016
Nagpur,Trivandrum,Trivandrum,0
Nasik,Trivandrum,Trivandrum,0
Panjim,Trivandrum,Trivandrum,0
Patna,Trivandrum,Trivandrum,0
Pondicherry,Trivandrum,Trivandrum,0
Pune,Trivandrum,Trivandrum,0
Ranchi,Panjim,Trivandrum,2180
Shillong,Bangalore,Trivandrum,2568
Shimla,Cochin,Trivandrum,2282
Surat,Bombay,Trivandrum,1677
Varanasi,Kanpur,Trivandrum,2207
Vijayawada,Madras,Trivandrum,1180
Vishakapatnam,Madras,Trivandrum,1510
Agartala,Patna,Varanasi,1961
Agra,Kanpur,Varanasi,605
Ahmedabad,Varanasi,Varanasi,0
Allahabad,Kanpur,Varanasi,508
Amritsar,Delhi,Varanasi,1190
Asansol,Patna,Varanasi,675
Bangalore,Varanasi,Varanasi,0
Baroda,Indore,Varanasi,1304
Bhopal,Kanpur,Varanasi,900
Bhubaneshwar,Varanasi,Varanasi,0
Bombay,Varanasi,Varanasi,0
Calcutta,Varanasi,Varanasi,0
Calicut,Hyderabad,Varanasi,2099
Chandigarh,Varanasi,Varanasi,0
Cochin,Varanasi,Varanasi,0
Coimbatore,Hyderabad,Varanasi,1995
Delhi,Varanasi,Varanasi,0
Gwalior,Kanpur,Varanasi,595
Hubli,Hyderabad,Varanasi,1675
Hyderabad,Varanasi,Varanasi,0
Imphal,Patna,Varanasi,1814
Indore,Varanasi,Varanasi,0
Jabalpur,Kanpur,Varanasi,858
Jaipur,Varanasi,Varanasi,0
Jamshedpur,Patna,Varanasi,753
Jullundur,Delhi,Varanasi,1120
Kanpur,Varanasi,Varanasi,0
Kolhapur,Pune,Varanasi,1706
Lucknow,Varanasi,Varanasi,0
Ludhiana,Delhi,Varanasi,1055
Madras,Varanasi,Varanasi,0
Madurai,Kanpur,Varanasi,1918
Meerut,Lucknow,Varanasi,739
Nagpur,Varanasi,Varanasi,0
Nasik,Varanasi,Varanasi,0
Panjim,Varanasi,Varanasi,0
Patna,Varanasi,Varanasi,0
Pondicherry,Varanasi,Varanasi,0
Pune,Varanasi,Varanasi,0
Ranchi,Patna,Varanasi,582
Shillong,Patna,Varanasi,1299
Shimla,Lucknow,Varanasi,945
Surat,Nagpur,Varanasi,1462
Trivandrum,Kanpur,Varanasi,2207
Vijayawada,Nagpur,Varanasi,1455
Vishakapatnam,Bhubaneshwar,Varanasi,1413
Agartala,Bhubaneshwar,Vijayawada,3061
Agra,Nagpur,Vijayawada,1512
Ahmedabad,Vijayawada,Vijayawada,0
Allahabad,Nagpur,Vijayawada,1350
Amritsar,Nagpur,Vijayawada,2157
Asansol,Bhubaneshwar,Vijayawada,1298
Bangalore,Vijayawada,Vijayawada,0
Baroda,Hyderabad,Vijayawada,1359
Bhopal,Hyderabad,Vijayawada,1077
Bhubaneshwar,Vijayawada,Vijayawada,0
Bombay,Vijayawada,Vijayawada,0
Calcutta,Vijayawada,Vijayawada,0
Calicut,Madras,Vijayawada,1147
Chandigarh,Vijayawada,Vijayawada,0
Cochin,Vijayawada,Vijayawada,0
Coimbatore,Madras,Vijayawada,858
Delhi,Vijayawada,Vijayawada,0
Gwalior,Nagpur,Vijayawada,1398
Hubli,Hyderabad,Vijayawada,755
Hyderabad,Vijayawada,Vijayawada,0
Imphal,Bhubaneshwar,Vijayawada,2914
Indore,Vijayawada,Vijayawada,0
Jabalpur,Nagpur,Vijayawada,999
Jaipur,Vijayawada,Vijayawada,0
Jamshedpur,Bhubaneshwar,Vijayawada,1197
Jullundur,Hyderabad,Vijayawada,2014
Kanpur,Vijayawada,Vijayawada,0
Kolhapur,Hyderabad,Vijayawada,847
Lucknow,Vijayawada,Vijayawada,0
Ludhiana,Hyderabad,Vijayawada,1965
Madras,Vijayawada,Vijayawada,0
Madurai,Madras,Vijayawada,912
Meerut,Nagpur,Vijayawada,1736
Nagpur,Vijayawada,Vijayawada,0
Nasik,Vijayawada,Vijayawada,0
Panjim,Vijayawada,Vijayawada,0
Patna,Vijayawada,Vijayawada,0
Pondicherry,Vijayawada,Vijayawada,0
Pune,Vijayawada,Vijayawada,0
Ranchi,Bhubaneshwar,Vijayawada,1335
Shillong,Hyderabad,Vijayawada,1578
Shimla,Nagpur,Vijayawada,1959
Surat,Hyderabad,Vijayawada,1226
Trivandrum,Madras,Vijayawada,1180
Varanasi,Nagpur,Vijayawada,1455
Vishakapatnam,Hyderabad,Vijayawada,868
Agartala,Bhubaneshwar,Vishakapatnam,2731
Agra,Nagpur,Vishakapatnam,1680
Ahmedabad,Vishakapatnam,Vishakapatnam,0
Allahabad,Nagpur,Vishakapatnam,1518
Amritsar,Delhi,Vishakapatnam,2325
Asansol,Bhubaneshwar,Vishakapatnam,968
Bangalore,Vishakapatnam,Vishakapatnam,0
Baroda,Nagpur,Vishakapatnam,1684
Bhopal,Nagpur,Vishakapatnam,1262
Bhubaneshwar,Vishakapatnam,Vishakapatnam,0
Bombay,Vishakapatnam,Vishakapatnam,0
Calcutta,Vishakapatnam,Vishakapatnam,0
Calicut,Madras,Vishakapatnam,1477
Chandigarh,Vishakapatnam,Vishakapatnam,0
Cochin,Vishakapatnam,Vishakapatnam,0
Coimbatore,Madras,Vishakapatnam,1188
Delhi,Vishakapatnam,Vishakapatnam,0
Gwalior,Nagpur,Vishakapatnam,1566
Hubli,Hyderabad,Vishakapatnam,1085
Hyderabad,Vishakapatnam,Vishakapatnam,0
Imphal,Bhubaneshwar,Vishakapatnam,2584
Indore,Vishakapatnam,Vishakapatnam,0
Jabalpur,Nagpur,Vishakapatnam,1167
Jaipur,Vishakapatnam,Vishakapatnam,0
Jamshedpur,Bhubaneshwar,Vishakapatnam,867
Jullundur,Delhi,Vishakapatnam,2182
Kanpur,Vishakapatnam,Vishakapatnam,0
Kolhapur,Hyderabad,Vishakapatnam,1177
Lucknow,Vishakapatnam,Vishakapatnam,0
Ludhiana,Nagpur,Vishakapatnam,2133
Madras,Vishakapatnam,Vishakapatnam,0
Madurai,Madras,Vishakapatnam,1242
Meerut,Nagpur,Vishakapatnam,1904
Nagpur,Vishakapatnam,Vishakapatnam,0
Nasik,Vishakapatnam,Vishakapatnam,0
Panjim,Vishakapatnam,Vishakapatnam,0
Patna,Vishakapatnam,Vishakapatnam,0
Pondicherry,Vishakapatnam,Vishakapatnam,0
Pune,Vishakapatnam,Vishakapatnam,0
Ranchi,Bhubaneshwar,Vishakapatnam,1005
Shillong,Hyderabad,Vishakapatnam,1908
Shimla,Nagpur,Vishakapatnam,2127
Surat,Hyderabad,Vishakapatnam,1556
Trivandrum,Madras,Vishakapatnam,1510
Varanasi,Bhubaneshwar,Vishakapatnam,1413
Vijayawada,Hyderabad,Vishakapatnam,868